Fecha,CO,Temp Ext
01/01/18,2.54,25.1
01/01/18,2.541,23.6
01/01/18,2.589,25.5
01/01/18,2.563,25.4
01/01/18,2.623,21.5
01/01/18,2.579,22.6
01/01/18,2.639,25.4
01/01/18,2.847,19.8
01/01/18,2.909,19.5
01/01/18,2.841,19.2
01/01/18,3.082,18.2
01/01/18,2.84,24.6
01/01/18,2.919,18.5
01/01/18,3.497,15.5
01/01/18,3.59,16.1
01/01/18,3.741,15.4
01/01/18,3.552,16.8
01/01/18,3.409,17.6
01/01/18,3.767,17.3
01/01/18,3.456,19.6
01/01/18,3.344,21.3
01/01/18,3.396,22.9
01/01/18,3.907,19.6
01/01/18,3.971,20.6
02/01/18,2.594,24.9
02/01/18,2.62,25.1
02/01/18,2.615,24.4
02/01/18,2.726,24.4
02/01/18,3.078,16.1
02/01/18,2.753,23.2
02/01/18,2.948,18.2
02/01/18,2.837,20
02/01/18,1.925,19.2
02/01/18,2.847,21.9
02/01/18,3.065,19.5
02/01/18,3.132,17.3
02/01/18,2.957,20.2
02/01/18,2.989,23.4
02/01/18,3.457,15
02/01/18,3.09,16.1
02/01/18,3.074,16.5
02/01/18,3.348,18
02/01/18,3.346,15.5
02/01/18,3.468,14.9
02/01/18,3.141,21.5
02/01/18,3.272,22.3
02/01/18,3.69,18.2
02/01/18,3.403,22
03/01/18,0.156,25.7
03/01/18,0.209,24.1
03/01/18,0.193,25.3
03/01/18,0.206,25.5
03/01/18,0.214,24.8
03/01/18,0.436,20.3
03/01/18,0.294,23
03/01/18,0.373,18.3
03/01/18,0.528,21.2
03/01/18,0.618,20.7
03/01/18,0.553,16.4
03/01/18,0.504,24.4
03/01/18,0.697,15.9
03/01/18,0.555,16.9
03/01/18,0.827,19
03/01/18,0.906,15.5
03/01/18,0.376,18.9
03/01/18,1.256,14.9
03/01/18,1.26,14.9
03/01/18,0.445,17.7
03/01/18,1.389,17.1
03/01/18,0.798,21.6
03/01/18,0.77,23
03/01/18,0.803,22
04/01/18,0.291,24.8
04/01/18,0.469,17.2
04/01/18,0.314,24.8
04/01/18,0.316,23.2
04/01/18,0.451,19.7
04/01/18,0.362,21.3
04/01/18,0.531,17.7
04/01/18,0.339,24.3
04/01/18,0.621,16.2
04/01/18,0.619,16.7
04/01/18,0.381,24.7
04/01/18,0.694,15.8
04/01/18,0.626,19.3
04/01/18,0.788,18.4
04/01/18,0.514,19.4
04/01/18,0.517,23.8
04/01/18,0.578,20.3
04/01/18,1.185,16.6
04/01/18,1.482,15.1
04/01/18,1.3,15.2
04/01/18,0.688,20.6
04/01/18,0.979,21.4
04/01/18,1.089,18
04/01/18,1.013,22.3
05/01/18,0.015,25.9
05/01/18,0.014,26.1
05/01/18,0.015,25.7
05/01/18,0.015,25.3
05/01/18,0.042,19.6
05/01/18,0.053,24.8
05/01/18,0.059,19.1
05/01/18,0.084,20.3
05/01/18,0.456,17.5
05/01/18,0.101,24
05/01/18,0.545,18.8
05/01/18,0.175,21.3
05/01/18,0.288,23.6
05/01/18,0.757,16.7
05/01/18,0.623,18.9
05/01/18,0.643,22.1
05/01/18,0.902,16.3
05/01/18,1.012,14.8
05/01/18,0.912,15.3
05/01/18,1.221,15
05/01/18,1.918,15.9
05/01/18,0.538,22.4
05/01/18,1.164,20
05/01/18,1.879,17.8
06/01/18,0.032,17.6
06/01/18,0.017,25.3
06/01/18,0.015,24
06/01/18,0.019,18.6
06/01/18,0.016,25.9
06/01/18,0.02,25.7
06/01/18,0.026,18
06/01/18,0.016,25.7
06/01/18,0.017,22.5
06/01/18,0.016,21
06/01/18,0.129,16.3
06/01/18,0.204,15.3
06/01/18,0.083,24.2
06/01/18,0.169,16
06/01/18,0.312,14.9
06/01/18,0.269,18.9
06/01/18,0.814,14.5
06/01/18,0.921,16.7
06/01/18,1.555,15
06/01/18,0.462,22.5
06/01/18,1.491,19
06/01/18,0.832,21.6
06/01/18,1.909,19.7
06/01/18,1.581,20.3
07/01/18,0.016,25.2
07/01/18,0.016,19.1
07/01/18,0.015,25.6
07/01/18,0.015,25.6
07/01/18,0.016,25.1
07/01/18,0.015,24.5
07/01/18,0.019,19.6
07/01/18,0.015,23.6
07/01/18,0.025,20.3
07/01/18,0.072,21.4
07/01/18,0.078,22.8
07/01/18,0.349,17
07/01/18,0.167,22.1
07/01/18,0.264,17.8
07/01/18,0.147,20.8
07/01/18,0.536,16.2
07/01/18,1.171,14
07/01/18,1.47,14.5
07/01/18,1.135,14.5
07/01/18,0.803,17.9
07/01/18,0.949,16.9
07/01/18,1.964,15.1
07/01/18,0.892,18.7
07/01/18,1.095,18.3
08/01/18,0.018,18.6
08/01/18,0.029,17.3
08/01/18,0.037,16.8
08/01/18,0.068,16.6
08/01/18,0.152,16.2
08/01/18,0.206,15.3
08/01/18,0.296,15
08/01/18,0.399,18.3
08/01/18,0.619,14.5
08/01/18,1.239,15
08/01/18,1.965,17.1
10/01/18,3.114,26.3
10/01/18,3.612,26.1
10/01/18,3.508,25.3
10/01/18,,25.6
10/01/18,,26.2
10/01/18,0.628,22.6
10/01/18,3.29,24.4
10/01/18,,19.3
10/01/18,,22.1
10/01/18,,20.6
10/01/18,,23.6
10/01/18,,18.9
10/01/18,,18.6
11/01/18,,25.7
11/01/18,,25.9
11/01/18,,23.8
11/01/18,,24.9
11/01/18,,22.5
11/01/18,,25.8
11/01/18,,18
11/01/18,,15.9
11/01/18,,17.5
11/01/18,,15
11/01/18,,17.1
11/01/18,,24.1
11/01/18,,20.7
11/01/18,,20
11/01/18,,21
11/01/18,,15.3
11/01/18,,16.8
11/01/18,,22.1
11/01/18,,17.9
11/01/18,,14.2
11/01/18,,19
11/01/18,,15.7
11/01/18,,18.8
11/01/18,,17.3
12/01/18,,15
12/01/18,,15.7
12/01/18,,17
12/01/18,,24.6
12/01/18,,14.9
12/01/18,,25.8
12/01/18,,25.6
12/01/18,,23.1
12/01/18,,21.4
12/01/18,,19.5
12/01/18,,17.2
12/01/18,,25.9
12/01/18,,17
12/01/18,,15.4
12/01/18,,15.9
12/01/18,,16.3
12/01/18,,13.5
12/01/18,,24.4
12/01/18,,19.2
12/01/18,,13.5
12/01/18,,20.2
12/01/18,,20.7
12/01/18,,18.1
12/01/18,,21.8
13/01/18,,26.5
13/01/18,,25.8
13/01/18,,26.8
13/01/18,,26.5
13/01/18,,24.3
13/01/18,,18.6
13/01/18,,15.2
13/01/18,,24.9
13/01/18,,22.6
13/01/18,,17.6
13/01/18,,13.7
13/01/18,,20.5
13/01/18,,14.3
13/01/18,,13.5
13/01/18,,18.1
13/01/18,,13.3
13/01/18,,17.6
13/01/18,,15.3
13/01/18,,16.4
13/01/18,,14.7
13/01/18,,18.8
13/01/18,,19.7
13/01/18,,23.5
13/01/18,,21.2
14/01/18,,23.5
14/01/18,,23.5
14/01/18,,15.2
14/01/18,,17.4
14/01/18,,13.4
14/01/18,,19.4
14/01/18,,22.7
14/01/18,,21.2
14/01/18,,11.8
14/01/18,,13
14/01/18,,14.3
14/01/18,,17.4
14/01/18,,12
14/01/18,,11.1
14/01/18,,15.1
14/01/18,,10.5
14/01/18,,10.2
14/01/18,,16.2
14/01/18,,22.8
14/01/18,,16.6
14/01/18,,17.8
14/01/18,,16.9
14/01/18,,20.8
14/01/18,,18.5
15/01/18,,24
15/01/18,,22.9
15/01/18,,24.2
15/01/18,,24.2
15/01/18,,21.9
15/01/18,,20.5
15/01/18,,18.4
15/01/18,,16.4
15/01/18,,18.3
15/01/18,,23.3
15/01/18,,13
15/01/18,,14.2
15/01/18,,12.4
15/01/18,,13
15/01/18,,13.6
15/01/18,,12.3
15/01/18,,11.8
15/01/18,,17.5
15/01/18,,14.1
15/01/18,,15.6
15/01/18,,14.4
15/01/18,,20.5
15/01/18,,21.2
15/01/18,,19.4
16/01/18,,25.3
16/01/18,,25.1
16/01/18,,25.2
16/01/18,,24.3
16/01/18,,23
16/01/18,,23.7
16/01/18,,19.6
16/01/18,,12.9
16/01/18,,21.5
16/01/18,,13.9
16/01/18,,14.8
16/01/18,,20.4
16/01/18,,17.9
16/01/18,,16.7
16/01/18,,21.6
16/01/18,,12.5
16/01/18,,11.9
16/01/18,,11.9
16/01/18,,18.4
16/01/18,,13.1
16/01/18,,17.6
16/01/18,,16
16/01/18,,15.5
16/01/18,,19.6
17/01/18,,14.7
17/01/18,,14.1
17/01/18,,13.6
17/01/18,,12.3
17/01/18,,14.8
17/01/18,,11.7
17/01/18,,15
17/01/18,,12.7
17/01/18,,17
17/01/18,,15.9
17/01/18,,21.1
17/01/18,,18.7
17/01/18,,19.7
17/01/18,,20.4
17/01/18,,22.1
17/01/18,,23.3
17/01/18,,24.2
17/01/18,,24.3
17/01/18,,24.2
17/01/18,,15.7
17/01/18,,23.1
17/01/18,,21.8
18/01/18,1.425,25.2
18/01/18,1.446,24.9
18/01/18,1.662,19.4
18/01/18,1.482,24.6
18/01/18,1.502,23.9
18/01/18,1.599,23.1
18/01/18,1.642,18.4
18/01/18,1.617,22.3
18/01/18,1.735,18.6
18/01/18,1.825,20.3
18/01/18,1.672,20.4
18/01/18,1.753,20.4
18/01/18,1.938,17.2
18/01/18,1.773,21
18/01/18,2.641,15.5
18/01/18,2.865,14
18/01/18,,13.8
18/01/18,,15.8
18/01/18,,16.6
18/01/18,,17.1
18/01/18,,14.1
18/01/18,,17.9
18/01/18,,15
18/01/18,,13.4
19/01/18,1.409,24.7
19/01/18,1.467,24.2
19/01/18,1.422,24.3
19/01/18,1.459,23
19/01/18,1.615,22
19/01/18,1.751,16.1
19/01/18,1.748,15.2
19/01/18,1.674,18.4
19/01/18,1.725,15
19/01/18,1.731,17.2
19/01/18,1.741,19.1
19/01/18,1.552,22.1
19/01/18,1.68,23
19/01/18,1.831,14.3
19/01/18,1.751,19.8
19/01/18,1.811,14.8
19/01/18,1.891,20.6
19/01/18,2.006,13.9
19/01/18,1.621,20.8
19/01/18,2.998,13.7
19/01/18,3.124,14.7
19/01/18,1.93,22.1
19/01/18,2.425,18.8
19/01/18,2.97,17.3
20/01/18,1.439,24.2
20/01/18,1.385,25
20/01/18,1.361,25.3
20/01/18,1.391,24.8
20/01/18,1.638,20.4
20/01/18,1.635,19.5
20/01/18,1.615,22.7
20/01/18,1.621,23.4
20/01/18,1.751,16
20/01/18,1.736,18.9
20/01/18,1.751,17.3
20/01/18,1.754,21.2
20/01/18,1.844,14.7
20/01/18,1.836,14.2
20/01/18,1.69,21.9
20/01/18,1.785,15.1
20/01/18,1.735,16.3
20/01/18,1.829,18.3
20/01/18,2.375,13.9
20/01/18,2.606,13.3
20/01/18,2.662,14.3
20/01/18,2.036,20.3
20/01/18,2.853,16.2
20/01/18,2.518,18.3
21/01/18,1.323,25.7
21/01/18,1.443,25.3
21/01/18,1.409,25.9
21/01/18,1.361,26.1
21/01/18,1.506,23.4
21/01/18,1.632,20.3
21/01/18,1.669,19.3
21/01/18,1.691,21.6
21/01/18,1.732,24.4
21/01/18,2.304,13.3
21/01/18,1.721,18.9
21/01/18,1.976,14.4
21/01/18,2.054,17.6
21/01/18,2.07,14.4
21/01/18,2.252,16.6
21/01/18,2.041,15.6
21/01/18,2.648,13
21/01/18,2.199,15.1
21/01/18,2.112,18.1
21/01/18,3.394,13.6
21/01/18,2.126,22.2
21/01/18,2.447,20.3
21/01/18,3.963,15.9
21/01/18,3.122,18.4
22/01/18,1.641,24.6
22/01/18,1.669,24.7
22/01/18,1.688,23.4
22/01/18,1.706,24.1
22/01/18,1.861,22.6
22/01/18,1.943,22.3
22/01/18,1.923,14
22/01/18,1.937,14.5
22/01/18,2.015,14
22/01/18,2.059,15.1
22/01/18,2.074,17.6
22/01/18,2.038,21.7
22/01/18,2.009,21.1
22/01/18,2.156,16.6
22/01/18,2.519,14.1
22/01/18,2.151,21.4
22/01/18,2.147,20.6
22/01/18,3.536,13.8
22/01/18,4.004,14.8
22/01/18,2.465,19
22/01/18,2.84,20.8
22/01/18,3.223,19.7
22/01/18,2.923,17.1
22/01/18,3.309,20.3
23/01/18,1.467,26
23/01/18,1.471,26.1
23/01/18,1.551,25.6
23/01/18,1.635,21.4
23/01/18,1.628,22.5
23/01/18,1.584,25.7
23/01/18,1.648,24.6
23/01/18,1.593,19.8
23/01/18,1.652,20.3
23/01/18,1.64,20.8
23/01/18,1.714,25.8
23/01/18,1.939,24.9
23/01/18,1.997,16.7
23/01/18,2.259,17.5
23/01/18,2.128,16.6
23/01/18,2.465,17.6
23/01/18,3.333,16.3
23/01/18,3.342,17.4
23/01/18,2.697,17.9
23/01/18,2.968,19.2
23/01/18,3.046,18.6
23/01/18,2.976,19.3
23/01/18,2.538,22.9
23/01/18,2.95,21.4
24/01/18,1.586,18.4
24/01/18,1.624,16.9
24/01/18,1.62,17.2
24/01/18,1.593,17.5
24/01/18,1.67,16.7
24/01/18,1.601,17.2
24/01/18,1.58,17.3
24/01/18,1.458,25.5
24/01/18,1.489,23.2
24/01/18,1.568,19.6
24/01/18,1.513,25.7
24/01/18,1.463,24.7
24/01/18,1.546,19.4
24/01/18,1.527,26.1
24/01/18,1.559,18.5
24/01/18,1.701,17.4
24/01/18,1.63,21.2
24/01/18,1.609,25.5
24/01/18,1.685,20.6
24/01/18,1.756,19
24/01/18,1.747,24.3
24/01/18,2.125,17.9
24/01/18,2.134,16.3
24/01/18,2.553,16.5
25/01/18,1.623,16.1
25/01/18,1.625,16.6
25/01/18,1.641,14.4
25/01/18,1.62,15.4
25/01/18,1.638,14.8
25/01/18,1.609,17.1
25/01/18,1.677,14.3
25/01/18,1.761,14.9
25/01/18,1.721,16.2
25/01/18,1.676,18
25/01/18,1.875,14.3
25/01/18,1.712,19.1
25/01/18,1.68,18.8
25/01/18,1.842,14.3
25/01/18,1.71,19.1
25/01/18,2.038,14
25/01/18,1.762,19.4
25/01/18,1.862,16.5
25/01/18,1.875,19
25/01/18,1.926,18.8
25/01/18,2.009,16.1
25/01/18,1.984,16
25/01/18,2.153,17.2
25/01/18,2.391,17.7
26/01/18,1.478,24.6
26/01/18,1.509,24.5
26/01/18,1.711,14.9
26/01/18,1.585,24.2
26/01/18,1.768,17.4
26/01/18,1.566,23.9
26/01/18,1.635,19.3
26/01/18,1.712,15.5
26/01/18,1.697,15.1
26/01/18,1.618,22.7
26/01/18,1.628,20.9
26/01/18,1.892,14.8
26/01/18,1.666,24
26/01/18,1.758,15.2
26/01/18,1.764,19.2
26/01/18,2.214,15.9
26/01/18,1.856,15.8
26/01/18,2.06,14.5
26/01/18,2.747,14.4
26/01/18,2.628,14.1
26/01/18,2.043,20
26/01/18,2.125,22.4
26/01/18,2.178,20.6
26/01/18,2.285,21.3
27/01/18,1.561,24.1
27/01/18,1.669,18.5
27/01/18,1.859,16.7
27/01/18,1.601,25.1
27/01/18,1.602,25.8
27/01/18,1.921,16.3
27/01/18,1.667,25.5
27/01/18,1.807,17
27/01/18,1.74,24
27/01/18,1.721,25.1
27/01/18,1.705,22.8
27/01/18,1.98,16.7
27/01/18,1.847,20.9
27/01/18,1.883,15.2
27/01/18,1.908,17.1
27/01/18,1.989,15.1
27/01/18,2.032,19.1
27/01/18,2.318,16.1
27/01/18,2.167,16.8
27/01/18,2.356,17.1
27/01/18,2.285,18
27/01/18,2.281,18.4
27/01/18,3.317,14.4
27/01/18,3.122,15.3
28/01/18,1.597,16.8
28/01/18,1.44,24.8
28/01/18,1.412,25.5
28/01/18,1.037,15.4
28/01/18,1.417,24.6
28/01/18,1.495,24.1
28/01/18,1.448,20
28/01/18,1.396,23.4
28/01/18,1.422,21.8
28/01/18,1.526,18.5
28/01/18,1.675,21.8
28/01/18,1.699,20.6
28/01/18,1.631,23.1
28/01/18,1.864,16.5
28/01/18,1.823,16.5
28/01/18,1.847,20.2
28/01/18,2.297,14.9
28/01/18,2.214,14.9
28/01/18,2.17,14.5
28/01/18,2.094,15.5
28/01/18,2.051,16.1
28/01/18,2.338,14.5
28/01/18,2.35,14.2
28/01/18,2.275,14.2
29/01/18,0.213,13.5
29/01/18,0.192,13.9
29/01/18,0.217,13.4
29/01/18,0.231,13.4
29/01/18,0.22,15.2
29/01/18,0.135,14.4
29/01/18,0.307,13.4
29/01/18,0.304,19
29/01/18,0.297,18.1
29/01/18,0.321,15.9
29/01/18,0.324,20.6
29/01/18,0.31,19.7
29/01/18,0.358,20.2
29/01/18,0.384,16.6
29/01/18,0.398,17.3
29/01/18,0.4,20.1
29/01/18,0.388,19.5
29/01/18,0.52,16.3
29/01/18,0.495,18
29/01/18,0.479,18.7
29/01/18,0.406,13.4
29/01/18,0.872,14.8
29/01/18,0.697,13.6
29/01/18,0.967,14
30/01/18,0.227,13.3
30/01/18,0.22,13.9
30/01/18,0.245,12.6
30/01/18,0.237,11.8
30/01/18,0.218,14.3
30/01/18,0.261,11.3
30/01/18,0.23,15.1
30/01/18,0.185,17.7
30/01/18,0.182,15
30/01/18,0.2,17.2
30/01/18,0.3,11.1
30/01/18,0.21,12.7
30/01/18,0.186,14.1
30/01/18,0.211,15.7
30/01/18,0.319,10.7
30/01/18,0.228,17.9
30/01/18,0.366,10.1
30/01/18,0.445,10.4
30/01/18,0.532,15.7
30/01/18,0.371,18
30/01/18,0.944,17.1
30/01/18,1.375,16.2
30/01/18,0.811,17.6
30/01/18,1.129,16.7
31/01/18,0.193,12.6
31/01/18,0.177,13.1
31/01/18,0.208,13.5
31/01/18,0.237,14.6
31/01/18,0.224,12.3
31/01/18,0.24,13.9
31/01/18,0.327,12.2
31/01/18,0.467,14.7
31/01/18,0.461,15.8
31/01/18,0.562,16.8
31/01/18,0.575,17.5
31/01/18,0.628,14.1
31/01/18,0.709,12.8
31/01/18,0.516,12.3
31/01/18,0.649,18
31/01/18,0.756,13.7
31/01/18,0.685,12.4
31/01/18,0.673,18.2
31/01/18,0.872,17.9
31/01/18,1.574,15.9
31/01/18,1.523,17
31/01/18,1.493,16.5
31/01/18,1.722,16.9
31/01/18,1.671,17.5
01/02/18,0.406,21.8
01/02/18,0.377,19.9
01/02/18,0.34,21.3
01/02/18,0.545,20.1
01/02/18,0.421,21.1
01/02/18,0.399,21.4
01/02/18,0.502,19.1
01/02/18,0.497,20.4
01/02/18,0.63,14.6
01/02/18,0.69,15.2
01/02/18,0.664,18.5
01/02/18,1.198,13.1
01/02/18,0.772,14.3
01/02/18,0.844,13.7
01/02/18,1.629,17.6
01/02/18,1.634,17.5
01/02/18,1.02,15.2
01/02/18,2.205,13
01/02/18,1.472,15.5
01/02/18,1.124,18.3
01/02/18,3.19,13.6
01/02/18,1.604,18
01/02/18,2.972,15.1
01/02/18,2.701,16.6
02/02/18,0.243,27.9
02/02/18,0.241,28.1
02/02/18,0.231,27.7
02/02/18,0.214,26.3
02/02/18,0.227,24.2
02/02/18,0.277,27.6
02/02/18,0.371,22.3
02/02/18,0.605,20.1
02/02/18,0.39,21.3
02/02/18,0.401,27
02/02/18,0.515,23.8
02/02/18,0.455,22.2
02/02/18,1.039,18.3
02/02/18,1,15.8
02/02/18,1.159,15.3
02/02/18,1.789,15
02/02/18,1.42,16.1
02/02/18,1.267,16.4
02/02/18,0.781,17.2
02/02/18,1.602,16.1
02/02/18,1.221,16.9
02/02/18,1,16.8
02/02/18,1.094,24.6
02/02/18,1.356,25.5
03/02/18,0.497,24.8
03/02/18,0.538,23.7
03/02/18,0.487,25.7
03/02/18,0.381,20.1
03/02/18,0.682,22.4
03/02/18,0.374,20.7
03/02/18,0.759,20
03/02/18,0.867,20.2
03/02/18,0.966,20.7
03/02/18,1.004,19.3
03/02/18,1.062,25
03/02/18,0.913,21.4
03/02/18,0.783,19.2
03/02/18,1.164,23.8
03/02/18,1.225,17.4
03/02/18,1.525,17.2
03/02/18,1.146,18
03/02/18,1.59,16.9
03/02/18,1.349,20.5
03/02/18,1.361,18.3
03/02/18,1.598,17.4
03/02/18,1.341,18.8
03/02/18,1.582,23.4
03/02/18,1.685,22.2
04/02/18,0.384,27.5
04/02/18,0.37,26.5
04/02/18,0.452,28
04/02/18,0.44,28.2
04/02/18,0.474,28.1
04/02/18,0.496,26.8
04/02/18,0.483,25.1
04/02/18,0.612,21.8
04/02/18,0.573,23.1
04/02/18,0.677,23.3
04/02/18,0.581,22.4
04/02/18,0.706,21.1
04/02/18,0.727,24.9
04/02/18,0.643,19.6
04/02/18,1.055,18.6
04/02/18,0.791,23.7
04/02/18,0.847,19.2
04/02/18,1.299,16.9
04/02/18,1.736,16.4
04/02/18,1.102,17.5
04/02/18,1.065,17.7
04/02/18,1.985,16
04/02/18,1.583,17.3
04/02/18,1.169,18.6
05/02/18,0.415,26.1
05/02/18,0.477,27.1
05/02/18,0.471,27.4
05/02/18,0.45,27
05/02/18,0.598,21.5
05/02/18,0.498,24.7
05/02/18,0.508,27.5
05/02/18,0.532,25.7
05/02/18,0.642,18.6
05/02/18,0.64,20.6
05/02/18,0.682,19.2
05/02/18,0.629,23.2
05/02/18,0.598,21.3
05/02/18,0.617,21.9
05/02/18,0.612,22.5
05/02/18,0.77,18.6
05/02/18,0.714,23.2
05/02/18,0.752,17.5
05/02/18,0.733,24.7
05/02/18,0.914,17.3
05/02/18,0.982,20.7
05/02/18,1.951,16.7
05/02/18,1.266,18.8
05/02/18,1.997,17.2
06/02/18,0.433,27.7
06/02/18,0.408,28.1
06/02/18,0.469,27.7
06/02/18,0.497,26.6
06/02/18,0.623,20.7
06/02/18,0.537,26.9
06/02/18,0.606,21
06/02/18,0.619,20.7
06/02/18,0.726,18.4
06/02/18,0.744,19.8
06/02/18,0.572,21.6
06/02/18,0.547,22.5
06/02/18,0.755,19.1
06/02/18,0.82,17.8
06/02/18,0.827,24.5
06/02/18,0.785,25.6
06/02/18,0.602,23.2
06/02/18,1.291,17.4
06/02/18,0.796,26
06/02/18,2.287,17.2
06/02/18,3.268,18.1
06/02/18,1.469,24
06/02/18,2.529,20.3
06/02/18,1.83,22.4
07/02/18,0.541,19.5
07/02/18,0.267,26.4
07/02/18,0.408,26.1
07/02/18,0.55,19
07/02/18,0.343,26.4
07/02/18,0.444,21.9
07/02/18,0.584,24.9
07/02/18,0.594,18.1
07/02/18,0.542,20
07/02/18,0.625,17.6
07/02/18,0.696,21.4
07/02/18,0.499,23.1
07/02/18,0.61,17.7
07/02/18,0.717,17.2
07/02/18,0.781,22.8
07/02/18,0.671,24
07/02/18,0.856,20.6
07/02/18,0.602,25.6
07/02/18,1.292,18.1
07/02/18,1.098,19.8
07/02/18,0.791,22.5
07/02/18,1.389,17.1
07/02/18,1.686,17.4
07/02/18,1.151,24.9
08/02/18,0.452,18.5
08/02/18,0.274,23.7
08/02/18,0.327,22.4
08/02/18,0.493,19.2
08/02/18,0.455,19.5
08/02/18,0.476,17.9
08/02/18,0.332,25.1
08/02/18,0.516,17.4
08/02/18,0.413,20.5
08/02/18,0.312,24.8
08/02/18,0.46,20.5
08/02/18,0.397,21.6
08/02/18,0.421,24.9
08/02/18,0.64,18.9
08/02/18,0.641,18.5
08/02/18,0.525,24.5
08/02/18,0.604,22.2
08/02/18,0.784,17.1
08/02/18,0.791,16.4
08/02/18,0.804,16.4
08/02/18,0.877,17.7
08/02/18,0.85,17.4
08/02/18,0.964,16.5
08/02/18,1.075,16.5
09/02/18,0.432,15.2
09/02/18,0.418,15
09/02/18,0.477,14.5
09/02/18,0.436,15
09/02/18,0.473,14.9
09/02/18,0.52,17.4
09/02/18,0.59,17
09/02/18,0.65,14.5
09/02/18,0.762,15.8
09/02/18,0.63,17.3
09/02/18,0.637,17.2
09/02/18,0.646,17.3
09/02/18,0.911,15.3
09/02/18,0.833,16.4
09/02/18,0.741,17
09/02/18,0.811,17.9
09/02/18,0.879,17
09/02/18,1.404,15.9
09/02/18,1.415,16.5
09/02/18,1.015,14.8
09/02/18,1.354,15.3
09/02/18,1.094,16.4
09/02/18,1.102,17
09/02/18,0.869,18.4
10/02/18,0.252,21.1
10/02/18,0.218,22.1
10/02/18,0.326,19.9
10/02/18,0.455,19.1
10/02/18,0.655,13.4
10/02/18,0.5,18.4
10/02/18,0.57,14.1
10/02/18,0.6,13.1
10/02/18,0.411,18.2
10/02/18,0.645,18.1
10/02/18,0.875,14.9
10/02/18,0.591,21
10/02/18,0.588,18.6
10/02/18,0.435,17.9
10/02/18,0.564,20.4
10/02/18,0.763,16.5
10/02/18,0.622,13.9
10/02/18,0.709,13.1
10/02/18,1.063,14
10/02/18,0.649,19.3
10/02/18,0.731,14.4
10/02/18,0.823,14.6
10/02/18,0.848,13.2
10/02/18,1.156,13.3
11/02/18,0.161,23.2
11/02/18,0.133,23
11/02/18,0.154,23.2
11/02/18,0.219,23.3
11/02/18,0.26,22.6
11/02/18,0.439,17.8
11/02/18,0.521,17.1
11/02/18,0.547,18
11/02/18,0.963,14.3
11/02/18,0.651,15.2
11/02/18,0.85,14.6
11/02/18,0.536,21.8
11/02/18,0.747,15.5
11/02/18,0.683,21.4
11/02/18,1.056,14.3
11/02/18,0.735,16.1
11/02/18,1.161,15
11/02/18,0.567,20.9
11/02/18,0.65,20
11/02/18,0.826,18.6
11/02/18,1.284,19.3
11/02/18,1.264,20.2
11/02/18,0.844,18.1
11/02/18,1.231,16.6
12/02/18,0.09,27.5
12/02/18,0.119,27.4
12/02/18,0.154,26.8
12/02/18,0.322,20.8
12/02/18,0.367,22.4
12/02/18,0.396,16.5
12/02/18,0.19,25.4
12/02/18,0.352,15.9
12/02/18,0.331,16
12/02/18,0.24,26.7
12/02/18,0.413,23.9
12/02/18,0.375,21.5
12/02/18,0.405,17.2
12/02/18,0.447,24.8
12/02/18,0.488,25.5
12/02/18,0.479,15
12/02/18,0.976,14.7
12/02/18,0.644,14.8
12/02/18,1.347,14.6
12/02/18,1.099,15.6
12/02/18,0.657,23.4
12/02/18,1.25,17.5
12/02/18,0.866,21.2
12/02/18,1.358,19.3
13/02/18,0.181,25.8
13/02/18,0.292,22.1
13/02/18,0.197,27
13/02/18,0.206,27.1
13/02/18,0.191,26.6
13/02/18,0.218,24.6
13/02/18,0.277,27.3
13/02/18,0.351,19.5
13/02/18,0.378,20.2
13/02/18,0.413,23
13/02/18,0.405,18.2
13/02/18,0.368,18.8
13/02/18,0.477,26.5
13/02/18,0.579,17.8
13/02/18,0.732,17.4
13/02/18,0.499,23.3
13/02/18,1.169,17.2
13/02/18,0.593,22.7
13/02/18,2.374,16.7
13/02/18,2.503,17.6
13/02/18,0.718,23.9
13/02/18,0.828,25.1
13/02/18,1.266,21.1
13/02/18,2.13,19.1
14/02/18,0.228,17.6
14/02/18,0.219,19
14/02/18,0.209,18.4
14/02/18,0.235,20.8
14/02/18,0.258,17.2
14/02/18,0.239,19.8
14/02/18,0.239,21.8
14/02/18,0.323,17.1
14/02/18,0.26,20.3
14/02/18,0.222,23.3
14/02/18,0.289,27.4
14/02/18,0.289,27.3
14/02/18,0.273,26.7
14/02/18,0.43,18.7
14/02/18,0.301,25.9
14/02/18,0.282,24.8
14/02/18,0.362,26.9
14/02/18,0.752,17.6
14/02/18,0.645,17
14/02/18,0.438,22.6
14/02/18,0.645,23
14/02/18,0.681,25.8
14/02/18,0.694,24.4
14/02/18,0.752,23.6
15/02/18,0.223,19.7
15/02/18,0.24,21.3
15/02/18,0.23,20.2
15/02/18,0.247,21.8
15/02/18,0.175,29.2
15/02/18,0.203,29.4
15/02/18,0.15,28.8
15/02/18,0.237,24.2
15/02/18,0.273,19.4
15/02/18,0.196,27.9
15/02/18,0.224,23.6
15/02/18,0.298,28.5
15/02/18,0.309,24.8
15/02/18,0.277,26.7
15/02/18,0.306,25.1
15/02/18,0.327,22.2
15/02/18,0.383,23.9
15/02/18,0.404,25.7
15/02/18,0.351,19
15/02/18,0.47,26.9
15/02/18,0.622,22.2
15/02/18,0.844,20.6
15/02/18,0.65,18.7
15/02/18,1.079,18.9
16/02/18,0.24,22.5
16/02/18,0.22,23.3
16/02/18,0.201,22.8
16/02/18,0.248,21
16/02/18,0.31,20.7
16/02/18,0.279,29
16/02/18,0.227,28.7
16/02/18,0.273,24.5
16/02/18,0.267,21.4
16/02/18,0.233,28.8
16/02/18,0.286,28.5
16/02/18,0.392,20.2
16/02/18,0.402,28.3
16/02/18,0.378,27.4
16/02/18,0.468,25.5
16/02/18,0.623,22.5
16/02/18,0.606,24.2
16/02/18,0.512,26.5
16/02/18,0.679,18.4
16/02/18,0.582,18.8
16/02/18,0.865,20.4
16/02/18,0.695,19.3
16/02/18,1.086,19
16/02/18,0.71,26.9
17/02/18,0.193,19.9
17/02/18,0.183,20.9
17/02/18,0.204,21.9
17/02/18,0.187,21.3
17/02/18,0.271,22.7
17/02/18,0.262,29.7
17/02/18,0.227,29.4
17/02/18,0.274,29.5
17/02/18,0.288,28.5
17/02/18,0.253,22.1
17/02/18,0.252,23.7
17/02/18,0.325,19.2
17/02/18,0.351,27.1
17/02/18,0.323,25
17/02/18,0.343,18.9
17/02/18,0.33,28.5
17/02/18,0.463,22.2
17/02/18,0.504,25.5
17/02/18,0.544,20.9
17/02/18,0.606,23.9
17/02/18,0.497,18.4
17/02/18,0.412,26.7
17/02/18,0.967,19
17/02/18,0.822,17.9
18/02/18,0.078,26.7
18/02/18,0.108,27.5
18/02/18,0.227,20.7
18/02/18,0.228,21.3
18/02/18,0.101,26.8
18/02/18,0.108,26.5
18/02/18,0.103,27.6
18/02/18,0.24,22.1
18/02/18,0.279,20.1
18/02/18,0.293,21.4
18/02/18,0.172,25.6
18/02/18,0.315,19.1
18/02/18,0.368,20.8
18/02/18,0.364,18.7
18/02/18,0.4,17.5
18/02/18,0.187,24.2
18/02/18,0.203,23.2
18/02/18,0.45,21.7
18/02/18,0.389,23.6
18/02/18,0.452,19.7
18/02/18,0.385,25.1
18/02/18,0.617,17
18/02/18,0.759,19.9
18/02/18,0.808,18.2
19/02/18,0.213,19.3
19/02/18,0.228,19.2
19/02/18,0.223,20
19/02/18,0.224,20.3
19/02/18,0.077,26.6
19/02/18,0.079,26.5
19/02/18,0.223,18.5
19/02/18,0.368,19.2
19/02/18,0.075,26.8
19/02/18,0.114,24.7
19/02/18,0.135,25.3
19/02/18,0.334,18.9
19/02/18,0.445,19.5
19/02/18,0.32,18.8
19/02/18,0.356,17.3
19/02/18,0.349,18
19/02/18,0.331,18.3
19/02/18,0.262,22.4
19/02/18,0.686,17.2
19/02/18,0.468,24.5
19/02/18,1.368,18.2
19/02/18,0.764,23.6
19/02/18,1.622,20.1
19/02/18,1.251,21.7
20/02/18,0.129,26.2
20/02/18,0.144,26.1
20/02/18,0.139,26.5
20/02/18,0.089,24.7
20/02/18,0.128,25.8
20/02/18,0.314,16.6
20/02/18,0.303,18.1
20/02/18,0.211,23.6
20/02/18,0.368,15.9
20/02/18,0.276,21.8
20/02/18,0.299,18.7
20/02/18,0.309,17.6
20/02/18,0.303,19.4
20/02/18,0.259,24.9
20/02/18,0.29,17.2
20/02/18,0.357,22.1
20/02/18,0.283,20.5
20/02/18,0.473,20.6
20/02/18,0.484,15.2
20/02/18,0.368,23.5
20/02/18,0.672,18.9
20/02/18,0.721,15
20/02/18,1.456,16.2
20/02/18,1.592,15.3
21/02/18,0.156,27.6
21/02/18,0.146,27.3
21/02/18,0.31,17.9
21/02/18,0.34,17.2
21/02/18,0.329,16.9
21/02/18,0.187,26.7
21/02/18,0.205,26.6
21/02/18,0.321,17.3
21/02/18,0.283,22
21/02/18,0.337,17.5
21/02/18,0.247,26.5
21/02/18,0.246,25.5
21/02/18,0.434,16.5
21/02/18,0.316,20.5
21/02/18,0.425,20.5
21/02/18,0.326,21.4
21/02/18,0.376,23.4
21/02/18,0.742,18.9
21/02/18,0.801,15.4
21/02/18,1.468,15.2
21/02/18,0.48,25.2
21/02/18,1.404,16.8
21/02/18,0.55,24
21/02/18,0.681,22.2
22/02/18,0.168,28.1
22/02/18,0.17,28.2
22/02/18,0.157,27.8
22/02/18,0.254,22.8
22/02/18,0.207,27.2
22/02/18,0.241,24.6
22/02/18,0.301,21.1
22/02/18,0.316,19.7
22/02/18,0.322,17.2
22/02/18,0.294,27.9
22/02/18,0.333,16.8
22/02/18,0.333,18.6
22/02/18,0.295,21.1
22/02/18,0.365,26.7
22/02/18,0.389,25.4
22/02/18,0.335,18
22/02/18,0.407,16.7
22/02/18,0.256,21.9
22/02/18,0.58,16.4
22/02/18,1.393,16.3
22/02/18,0.767,23.7
22/02/18,1.71,17.8
22/02/18,1.207,21.8
22/02/18,1.767,19.6
23/02/18,0.118,29.3
23/02/18,0.153,29.1
23/02/18,0.144,29.1
23/02/18,0.11,28.7
23/02/18,0.286,20.7
23/02/18,0.226,21.2
23/02/18,0.126,27.1
23/02/18,0.132,28.4
23/02/18,0.245,22.3
23/02/18,0.257,20.9
23/02/18,0.234,28
23/02/18,0.252,23.7
23/02/18,0.295,20.2
23/02/18,0.273,26.1
23/02/18,0.427,19.5
23/02/18,0.327,20.1
23/02/18,0.325,25.8
23/02/18,0.44,18.6
23/02/18,0.42,17.9
23/02/18,0.601,17.7
23/02/18,0.613,23.5
23/02/18,1.597,17.3
23/02/18,1.674,18.4
23/02/18,1.098,20.9
24/02/18,0.141,25.5
24/02/18,0.032,25.3
24/02/18,0.02,26.4
24/02/18,0.105,28.5
24/02/18,0.037,27.3
24/02/18,0.112,27.3
24/02/18,0.084,28.2
24/02/18,0.178,24.2
24/02/18,0.103,28.5
24/02/18,0.247,20.8
24/02/18,0.237,18.9
24/02/18,0.259,22.4
24/02/18,0.231,23.2
24/02/18,0.281,19.4
24/02/18,0.244,19.3
24/02/18,0.242,20.3
24/02/18,0.336,22.1
24/02/18,0.324,18.6
24/02/18,0.262,23
24/02/18,0.46,18
24/02/18,0.482,17.2
24/02/18,1.093,16.8
24/02/18,0.947,20.4
24/02/18,1.41,18.1
25/02/18,0.029,27.1
25/02/18,0.016,25.8
25/02/18,0.039,27.6
25/02/18,0.214,20.3
25/02/18,0.119,26.5
25/02/18,0.084,27.2
25/02/18,0.079,27.9
25/02/18,0.038,28.2
25/02/18,0.21,21.6
25/02/18,0.198,22.3
25/02/18,0.172,25.1
25/02/18,0.247,20.2
25/02/18,0.148,24.7
25/02/18,0.204,23.7
25/02/18,0.227,21.2
25/02/18,0.374,19.9
25/02/18,0.425,18.6
25/02/18,0.522,18.3
25/02/18,0.529,18.2
25/02/18,0.736,18.3
25/02/18,1.109,18
25/02/18,1.188,18.9
25/02/18,0.629,22.6
25/02/18,0.939,20.9
26/02/18,0.201,21.5
26/02/18,0.21,19
26/02/18,0.095,28.7
26/02/18,0.214,22
26/02/18,0.106,29.2
26/02/18,0.216,22.9
26/02/18,0.124,29.2
26/02/18,0.123,28.2
26/02/18,0.097,26
26/02/18,0.218,23.9
26/02/18,0.119,27.6
26/02/18,0.249,19.2
26/02/18,0.229,25.9
26/02/18,0.207,27.9
26/02/18,0.25,20.3
26/02/18,0.268,19.4
26/02/18,0.272,24.2
26/02/18,0.324,18.2
26/02/18,0.295,18.5
26/02/18,0.442,22.2
26/02/18,0.496,17.7
26/02/18,0.742,18.6
26/02/18,0.76,20.7
26/02/18,0.75,17.5
27/02/18,0.097,28.9
27/02/18,0.062,26.1
27/02/18,0.143,28.8
27/02/18,0.069,27.5
27/02/18,0.168,29
27/02/18,0.139,24.1
27/02/18,0.227,20.9
27/02/18,0.268,19.5
27/02/18,0.068,28.1
27/02/18,0.255,23.4
27/02/18,0.272,20.3
27/02/18,0.249,28
27/02/18,0.232,22.3
27/02/18,0.374,22.8
27/02/18,0.286,24.5
27/02/18,0.374,19.2
27/02/18,0.239,21
27/02/18,0.329,26.1
27/02/18,0.52,18.7
27/02/18,0.75,19.7
27/02/18,0.555,18.3
27/02/18,0.881,18
27/02/18,1.515,18.1
27/02/18,0.941,21.1
28/02/18,0.225,19.8
28/02/18,0.163,28.9
28/02/18,0.118,29.4
28/02/18,0.124,28.7
28/02/18,0.091,28
28/02/18,0.097,26.6
28/02/18,0.202,22.1
28/02/18,0.282,18
28/02/18,0.196,21.6
28/02/18,0.265,19
28/02/18,0.191,26.2
28/02/18,0.135,29.6
28/02/18,0.219,22.9
28/02/18,0.291,17.7
28/02/18,0.244,24
28/02/18,0.229,21
28/02/18,0.302,17.3
28/02/18,0.363,24.8
28/02/18,0.235,20.5
28/02/18,0.69,17.3
28/02/18,0.517,17.4
28/02/18,1.199,18.5
28/02/18,1.218,20.6
28/02/18,1.029,22.7
01/03/18,0.223,21.9
01/03/18,0.261,22.9
01/03/18,0.292,19.8
01/03/18,0.24,30.3
01/03/18,0.24,29.9
01/03/18,0.254,29.9
01/03/18,0.195,26.4
01/03/18,0.332,17.7
01/03/18,0.348,18.2
01/03/18,0.259,20.2
01/03/18,0.353,18.7
01/03/18,0.283,28.1
01/03/18,0.347,29.3
01/03/18,0.415,24.7
01/03/18,0.43,29.2
01/03/18,0.446,17.7
01/03/18,0.775,22.8
01/03/18,0.591,17.2
01/03/18,0.933,18.5
01/03/18,0.558,27.8
01/03/18,1.39,17.3
01/03/18,1.121,20.5
01/03/18,0.746,24.9
01/03/18,0.832,25.9
02/03/18,0.191,20.6
02/03/18,0.198,21
02/03/18,0.259,20
02/03/18,0.177,26.1
02/03/18,0.246,30.7
02/03/18,0.186,27.8
02/03/18,0.238,23.1
02/03/18,0.265,30.5
02/03/18,0.238,28.9
02/03/18,0.254,24.7
02/03/18,0.262,23.8
02/03/18,0.323,19.1
02/03/18,0.337,29.8
02/03/18,0.293,25
02/03/18,0.404,30
02/03/18,0.357,18.5
02/03/18,0.522,23
02/03/18,0.506,26.9
02/03/18,0.562,18
02/03/18,0.523,28.3
02/03/18,0.847,17.6
02/03/18,1.372,17.6
02/03/18,0.932,21
02/03/18,1.768,18.9
03/03/18,0.154,29.1
03/03/18,0.223,22.2
03/03/18,0.202,29.7
03/03/18,0.216,24.7
03/03/18,0.156,30.1
03/03/18,0.155,29.3
03/03/18,0.305,21.1
03/03/18,0.306,20.3
03/03/18,0.155,28.6
03/03/18,0.117,28.9
03/03/18,0.199,26.5
03/03/18,0.34,22.4
03/03/18,0.21,23.5
03/03/18,0.342,19.4
03/03/18,0.258,26.9
03/03/18,0.434,21.7
03/03/18,0.373,19.4
03/03/18,0.228,21.4
03/03/18,0.605,22.7
03/03/18,0.611,18.4
03/03/18,0.519,24.7
03/03/18,0.723,20.5
03/03/18,0.582,17.2
03/03/18,0.485,17.7
04/03/18,0.014,29.8
04/03/18,0.016,28.5
04/03/18,0.061,30.1
04/03/18,0.03,30.4
04/03/18,0.019,30.3
04/03/18,0.015,27.1
04/03/18,0.048,25.2
04/03/18,0.237,20
04/03/18,0.085,29.2
04/03/18,0.239,19.5
04/03/18,0.249,20.6
04/03/18,0.187,25.3
04/03/18,0.173,22.9
04/03/18,0.364,18.8
04/03/18,0.155,22.9
04/03/18,0.16,23.9
04/03/18,0.223,27.3
04/03/18,0.278,20.9
04/03/18,0.345,19.2
04/03/18,0.435,17.8
04/03/18,0.198,22.3
04/03/18,0.409,18.4
04/03/18,0.458,18.7
04/03/18,0.45,16.8
05/03/18,0.011,26.1
05/03/18,0.169,20.5
05/03/18,0.17,20
05/03/18,0.425,21.9
05/03/18,0.415,22.8
05/03/18,0.025,26.7
05/03/18,0.194,21.2
05/03/18,0.46,23.9
05/03/18,0.588,25.2
05/03/18,0.097,23.7
05/03/18,0.174,21.1
05/03/18,0.345,21.5
05/03/18,0.362,18.8
05/03/18,0.378,19.2
05/03/18,0.554,18.2
05/03/18,1.563,18.2
05/03/18,1.421,19.4
05/03/18,0.014,29.2
06/03/18,0.261,30.6
06/03/18,0.224,29.3
06/03/18,0.462,19.2
06/03/18,0.312,28.9
06/03/18,0.25,26.5
06/03/18,0.471,18.7
06/03/18,0.448,20
06/03/18,0.385,27.7
06/03/18,0.271,30.7
06/03/18,0.243,30.3
06/03/18,0.235,28.3
06/03/18,0.388,24.4
06/03/18,0.428,21.3
06/03/18,0.498,18.5
06/03/18,0.42,23.2
06/03/18,0.386,26
06/03/18,0.353,24.3
06/03/18,0.412,22.4
06/03/18,0.356,21.9
06/03/18,0.608,18
06/03/18,0.663,21.9
06/03/18,1.288,19.4
06/03/18,1.107,17.5
06/03/18,2.02,17.7
07/03/18,0.374,20.9
07/03/18,0.315,30.3
07/03/18,0.352,30.5
07/03/18,0.417,22.7
07/03/18,0.327,28.5
07/03/18,0.368,29.7
07/03/18,0.38,27.2
07/03/18,0.463,20
07/03/18,0.366,21.4
07/03/18,0.372,29.6
07/03/18,0.411,23.5
07/03/18,0.412,30.4
07/03/18,0.448,24.5
07/03/18,0.614,25.2
07/03/18,0.561,26
07/03/18,0.734,23
07/03/18,0.668,18
07/03/18,0.662,18.6
07/03/18,0.716,17.8
07/03/18,0.768,19.4
07/03/18,1.197,17.1
07/03/18,0.624,27.9
07/03/18,1.241,21
07/03/18,1.979,18.7
08/03/18,0.196,30.5
08/03/18,0.231,30.4
08/03/18,0.204,30.1
08/03/18,0.438,19.4
08/03/18,0.277,30.4
08/03/18,0.396,21.8
08/03/18,0.34,28.7
08/03/18,0.282,28.7
08/03/18,0.436,22
08/03/18,0.432,21.3
08/03/18,0.437,20.8
08/03/18,0.431,26.4
08/03/18,0.428,20.2
08/03/18,0.482,18.7
08/03/18,0.413,24.2
08/03/18,0.411,21.3
08/03/18,0.41,22.7
08/03/18,0.491,27.1
08/03/18,1.294,18.1
08/03/18,0.724,25.8
08/03/18,1.616,17.9
08/03/18,1.605,19.6
08/03/18,1.477,21.6
08/03/18,1.155,23.5
09/03/18,0.352,21.7
09/03/18,0.164,29.2
09/03/18,0.144,30.1
09/03/18,0.383,19.6
09/03/18,0.209,30.1
09/03/18,0.433,19
09/03/18,0.398,20.6
09/03/18,0.274,30
09/03/18,0.298,30
09/03/18,0.397,24.6
09/03/18,0.429,18.3
09/03/18,0.309,27.9
09/03/18,0.385,28.4
09/03/18,0.524,21.8
09/03/18,0.468,17.2
09/03/18,0.523,21.5
09/03/18,0.434,22.8
09/03/18,0.559,17.1
09/03/18,0.441,26.4
09/03/18,0.472,25.8
09/03/18,0.617,23.7
09/03/18,0.774,21.2
09/03/18,1.1,19.3
09/03/18,1.66,17.3
10/03/18,0.185,30.8
10/03/18,0.17,31.2
10/03/18,0.154,31
10/03/18,0.124,30.5
10/03/18,0.121,29.5
10/03/18,0.241,29.7
10/03/18,0.168,28
10/03/18,0.324,22.6
10/03/18,0.332,27.7
10/03/18,0.488,20.9
10/03/18,0.329,24.5
10/03/18,0.281,26.1
10/03/18,0.53,19.4
10/03/18,0.552,20.1
10/03/18,0.384,25.8
10/03/18,0.338,23.3
10/03/18,0.548,18.7
10/03/18,0.627,17.5
10/03/18,0.762,17.2
10/03/18,0.526,23.7
10/03/18,1.155,17.1
10/03/18,1.417,16.9
10/03/18,1.378,20.9
10/03/18,2.069,18.5
11/03/18,0.181,33.4
11/03/18,0.175,33.5
11/03/18,0.28,32
11/03/18,0.195,32.8
11/03/18,0.207,31.6
11/03/18,0.344,20.8
11/03/18,0.176,26.5
11/03/18,0.173,28.3
11/03/18,0.197,30.2
11/03/18,0.371,24.8
11/03/18,0.336,24.2
11/03/18,0.376,27.2
11/03/18,0.315,21.6
11/03/18,0.421,25.9
11/03/18,0.439,28.3
11/03/18,0.333,21.8
11/03/18,0.485,19.4
11/03/18,0.492,30
11/03/18,0.707,17.9
11/03/18,0.689,17.9
11/03/18,0.707,18.8
11/03/18,1.443,17.7
11/03/18,0.822,21.9
11/03/18,1.497,19.7
12/03/18,0.23,33.9
12/03/18,0.327,25.5
12/03/18,0.355,23.2
12/03/18,0.219,34.3
12/03/18,0.329,26.9
12/03/18,0.258,34
12/03/18,0.308,33
12/03/18,0.296,31.6
12/03/18,0.352,30.3
12/03/18,0.375,26.9
12/03/18,0.333,32.9
12/03/18,0.446,19.4
12/03/18,0.441,22.3
12/03/18,0.324,30.1
12/03/18,0.46,19.1
12/03/18,0.493,20.1
12/03/18,0.497,28.1
12/03/18,0.373,28.3
12/03/18,0.649,21.6
12/03/18,0.936,21.2
12/03/18,0.876,18.8
12/03/18,1.086,19
12/03/18,1.013,23.6
12/03/18,1.067,25.7
13/03/18,0.221,32.4
13/03/18,0.161,32.2
13/03/18,0.121,31.2
13/03/18,0.178,33
13/03/18,0.309,30
13/03/18,0.192,32.9
13/03/18,0.227,29.9
13/03/18,0.355,27.5
13/03/18,0.346,21.4
13/03/18,0.33,22.9
13/03/18,0.382,23.6
13/03/18,0.362,23.5
13/03/18,0.361,22.3
13/03/18,0.355,25.6
13/03/18,0.432,20.1
13/03/18,0.478,20.3
13/03/18,0.398,20.5
13/03/18,0.631,20.2
13/03/18,0.372,24.4
13/03/18,0.618,28.1
13/03/18,1.216,19.4
13/03/18,1.076,22.7
13/03/18,1.586,20.3
13/03/18,0.952,25.8
14/03/18,0.34,20.5
14/03/18,0.316,19.6
14/03/18,0.36,20.7
14/03/18,0.015,30.6
14/03/18,0.015,29.7
14/03/18,0.021,31.1
14/03/18,0.016,31.2
14/03/18,0.015,28.3
14/03/18,0.049,26.5
14/03/18,0.356,19.1
14/03/18,0.054,31
14/03/18,0.2,23.8
14/03/18,0.21,22.5
14/03/18,0.124,29.6
14/03/18,0.211,21.3
14/03/18,0.366,21.5
14/03/18,0.466,18.1
14/03/18,0.174,25.4
14/03/18,0.276,24.4
14/03/18,0.182,27.5
14/03/18,0.588,18
14/03/18,0.679,22.4
14/03/18,1.089,18.3
14/03/18,1.087,20.2
15/03/18,0.015,29.5
15/03/18,0.07,29.3
15/03/18,0.018,28.4
15/03/18,0.241,18.5
15/03/18,0.111,27.5
15/03/18,0.017,30
15/03/18,0.015,30
15/03/18,0.26,17.4
15/03/18,0.211,21.3
15/03/18,0.282,19.8
15/03/18,0.242,20.4
15/03/18,0.201,25.5
15/03/18,0.291,17.5
15/03/18,0.216,24.2
15/03/18,0.232,19.1
15/03/18,0.246,20.7
15/03/18,0.123,26.6
15/03/18,0.356,20.1
15/03/18,0.353,17
15/03/18,0.358,22.2
15/03/18,0.543,16.8
15/03/18,0.313,24.5
15/03/18,0.243,22.8
15/03/18,0.58,18
16/03/18,0.078,29.5
16/03/18,0.023,30.4
16/03/18,0.254,20.2
16/03/18,0.055,30.4
16/03/18,0.015,29.9
16/03/18,0.056,29.2
16/03/18,0.16,28.1
16/03/18,0.231,18.9
16/03/18,0.161,23.3
16/03/18,0.234,19.4
16/03/18,0.21,24.5
16/03/18,0.207,26
16/03/18,0.144,21.6
16/03/18,0.236,18.2
16/03/18,0.226,18.8
16/03/18,0.152,22.4
16/03/18,0.441,17.3
16/03/18,0.566,16.8
16/03/18,0.438,27.3
16/03/18,1.253,16.9
16/03/18,1.219,18.5
16/03/18,0.873,23.1
16/03/18,0.794,25.2
16/03/18,1.123,20.8
17/03/18,0.015,30.9
17/03/18,0.015,29.9
17/03/18,0.124,23
17/03/18,0.014,30.7
17/03/18,0.121,23.9
17/03/18,0.017,30.5
17/03/18,0.015,29.1
17/03/18,0.114,25.5
17/03/18,0.104,20.8
17/03/18,0.065,29.7
17/03/18,0.02,27
17/03/18,0.147,22.8
17/03/18,0.279,19.2
17/03/18,0.434,18.8
17/03/18,0.317,21.2
17/03/18,0.191,27.8
17/03/18,0.219,20.2
17/03/18,0.13,25.2
17/03/18,0.36,18.1
17/03/18,0.331,23.1
17/03/18,0.446,17.6
17/03/18,0.549,16.8
17/03/18,0.466,17.2
17/03/18,0.578,17
18/03/18,0.014,29.4
18/03/18,0.017,28.1
18/03/18,0.014,30.5
18/03/18,0.015,30.6
18/03/18,0.014,30.4
18/03/18,0.015,27.8
18/03/18,0.015,29.5
18/03/18,0.097,22.7
18/03/18,0.082,24.8
18/03/18,0.055,26.3
18/03/18,0.016,26.2
18/03/18,0.103,23.7
18/03/18,0.106,21.9
18/03/18,0.073,24.1
18/03/18,0.174,19.7
18/03/18,0.201,20.5
18/03/18,0.19,21.5
18/03/18,0.149,21.7
18/03/18,0.199,19.9
18/03/18,0.141,19.6
18/03/18,0.612,19.5
18/03/18,0.187,19
18/03/18,0.771,18.2
18/03/18,0.559,18.3
19/03/18,0.015,28.3
19/03/18,0.025,29.1
19/03/18,0.014,31.3
19/03/18,0.015,30.6
19/03/18,0.015,26.5
19/03/18,0.014,29.7
19/03/18,0.023,30.7
19/03/18,0.028,24.3
19/03/18,0.014,31.2
19/03/18,0.144,22.5
19/03/18,0.083,27.1
19/03/18,0.146,22
19/03/18,0.188,25.3
19/03/18,0.169,21.1
19/03/18,0.176,23.8
19/03/18,0.196,20.2
19/03/18,0.188,19.4
19/03/18,0.12,22.1
19/03/18,0.248,18.6
19/03/18,0.257,19.5
19/03/18,0.268,18
19/03/18,0.319,18.1
19/03/18,0.865,19.6
19/03/18,0.775,17.7
20/03/18,0.216,18.5
20/03/18,0.06,33
20/03/18,0.22,20.1
20/03/18,0.132,26.2
20/03/18,0.129,21.6
20/03/18,0.071,33.5
20/03/18,0.08,32.7
20/03/18,0.115,31.9
20/03/18,0.156,27.1
20/03/18,0.217,18
20/03/18,0.103,32.5
20/03/18,0.268,17.3
20/03/18,0.325,25.1
20/03/18,0.229,30.9
20/03/18,0.312,28.8
20/03/18,0.345,28.5
20/03/18,0.445,26.2
20/03/18,0.221,18
20/03/18,0.751,18.4
20/03/18,0.495,16.9
20/03/18,0.64,23.6
20/03/18,0.739,20.8
20/03/18,1.386,17.1
20/03/18,0.452,30.5
21/03/18,0.015,33.4
21/03/18,0.02,33.1
21/03/18,0.037,33.3
21/03/18,0.108,26.6
21/03/18,0.107,25
21/03/18,0.059,32.3
21/03/18,0.059,31.1
21/03/18,0.116,32.4
21/03/18,0.222,23.5
21/03/18,0.259,29.8
21/03/18,0.222,21.8
21/03/18,0.228,22.8
21/03/18,0.164,29.5
21/03/18,0.246,27.7
21/03/18,0.31,24.1
21/03/18,0.239,21
21/03/18,0.351,27.5
21/03/18,0.386,19.5
21/03/18,0.346,20.1
21/03/18,0.671,25.4
21/03/18,0.922,18.6
21/03/18,1.695,18.7
21/03/18,1.918,20.7
21/03/18,1.49,23.1
22/03/18,0.015,31.1
22/03/18,0.015,33
22/03/18,0.016,32.8
22/03/18,0.014,32
22/03/18,0.015,29.5
22/03/18,0.023,27.6
22/03/18,0.122,20.7
22/03/18,0.151,24.2
22/03/18,0.017,32.9
22/03/18,0.103,25.2
22/03/18,0.122,20.6
22/03/18,0.131,27.2
22/03/18,0.197,21.9
22/03/18,0.166,23.1
22/03/18,0.049,32.3
22/03/18,0.13,24.3
22/03/18,0.253,22.5
22/03/18,0.145,29.9
22/03/18,0.17,25.3
22/03/18,0.21,20.3
22/03/18,0.808,19.2
22/03/18,0.583,23.2
22/03/18,0.541,19.5
22/03/18,0.73,20.9
23/03/18,0.014,33.3
23/03/18,0.016,33.1
23/03/18,0.044,33
23/03/18,0.028,32.6
23/03/18,0.18,19.8
23/03/18,0.166,22.3
23/03/18,0.174,26.1
23/03/18,0.241,19
23/03/18,0.187,22.1
23/03/18,0.081,32.1
23/03/18,0.111,31.4
23/03/18,0.253,21.1
23/03/18,0.152,24.7
23/03/18,0.206,20.6
23/03/18,0.14,27.5
23/03/18,0.365,25.4
23/03/18,0.12,23.5
23/03/18,0.294,29.3
23/03/18,0.216,29.9
23/03/18,0.353,27.3
23/03/18,0.507,19.1
23/03/18,0.758,23.4
23/03/18,0.933,21.1
23/03/18,0.964,19
24/03/18,0.018,33.3
24/03/18,0.017,32.9
24/03/18,0.017,29.7
24/03/18,0.014,31.1
24/03/18,0.139,22.1
24/03/18,0.022,32.5
24/03/18,0.098,22.5
24/03/18,0.056,33.3
24/03/18,0.184,25.4
24/03/18,0.142,24.2
24/03/18,0.222,26.4
24/03/18,0.053,27.7
24/03/18,0.168,27.6
24/03/18,0.123,30.3
24/03/18,0.194,21.4
24/03/18,0.114,32.5
24/03/18,0.333,20.8
24/03/18,0.335,25
24/03/18,0.391,20
24/03/18,0.448,18.4
24/03/18,0.499,19.5
24/03/18,0.637,18.2
24/03/18,0.727,22.7
24/03/18,0.94,20.2
25/03/18,0.07,33.5
25/03/18,0.049,33
25/03/18,,31.8
25/03/18,0.101,33.8
25/03/18,0.015,28
25/03/18,0.014,30.5
25/03/18,0.128,22.1
25/03/18,0.139,33.4
25/03/18,0.096,23
25/03/18,0.22,28
25/03/18,0.308,25.8
25/03/18,0.16,21.1
25/03/18,0.174,32.6
25/03/18,0.206,19.6
25/03/18,0.297,25.2
25/03/18,0.044,25.9
25/03/18,0.244,26.6
25/03/18,0.162,22.6
25/03/18,0.222,30.3
25/03/18,0.267,19.2
25/03/18,0.252,20
25/03/18,0.264,18.7
25/03/18,0.339,20.2
25/03/18,0.344,20.7
26/03/18,0.093,32.9
26/03/18,0.102,32.8
26/03/18,0.089,32.1
26/03/18,0.039,31.6
26/03/18,0.147,31.5
26/03/18,0.284,24.2
26/03/18,0.196,29.9
26/03/18,0.313,23.8
26/03/18,0.285,24.6
26/03/18,0.32,23.4
26/03/18,0.329,20.2
26/03/18,0.35,22.8
26/03/18,0.32,20.8
26/03/18,0.284,26
26/03/18,0.146,30.3
26/03/18,0.445,20.4
26/03/18,0.477,22.2
26/03/18,0.266,28
26/03/18,0.6,21.3
26/03/18,0.548,21.3
26/03/18,0.517,28.3
26/03/18,0.761,21.7
26/03/18,0.718,26
26/03/18,0.927,23.8
27/03/18,0.041,28.4
27/03/18,0.267,22.6
27/03/18,0.093,31.2
27/03/18,0.072,31.1
27/03/18,0.051,31
27/03/18,0.067,29.9
27/03/18,0.288,20.4
27/03/18,0.262,22
27/03/18,0.121,31.2
27/03/18,0.197,27.3
27/03/18,0.1,26.8
27/03/18,0.314,21.2
27/03/18,0.187,30.3
27/03/18,0.202,25.2
27/03/18,0.276,23.1
27/03/18,0.313,22.6
27/03/18,0.384,20.4
27/03/18,0.379,20.2
27/03/18,0.24,23.8
27/03/18,0.342,24.8
27/03/18,0.467,19.6
27/03/18,0.631,22.6
27/03/18,0.852,20.6
27/03/18,0.763,19.6
28/03/18,0.084,27.5
28/03/18,0.096,30.1
28/03/18,0.067,28.9
28/03/18,0.077,28.2
28/03/18,0.237,21.2
28/03/18,0.23,20.9
28/03/18,0.08,29.7
28/03/18,0.25,23.7
28/03/18,0.128,30
28/03/18,0.303,20.9
28/03/18,0.186,28.9
28/03/18,0.255,22.7
28/03/18,0.281,21.6
28/03/18,0.257,25.2
28/03/18,0.288,20.4
28/03/18,0.234,27.3
28/03/18,0.268,25.4
28/03/18,0.302,20.3
28/03/18,0.301,21.8
28/03/18,0.432,19.4
28/03/18,0.468,19.4
28/03/18,0.693,19.1
28/03/18,0.773,22.7
28/03/18,0.984,20
29/03/18,0.174,29.6
29/03/18,0.131,28.2
29/03/18,0.152,27.8
29/03/18,0.145,27.4
29/03/18,0.137,27.4
29/03/18,0.179,28.7
29/03/18,0.173,25.8
29/03/18,0.181,28.7
29/03/18,0.285,23.8
29/03/18,0.431,19.2
29/03/18,0.312,22.8
29/03/18,0.334,20.7
29/03/18,0.443,18.9
29/03/18,0.42,20.3
29/03/18,0.335,27.8
29/03/18,0.31,21.9
29/03/18,0.276,25.9
29/03/18,0.498,18.2
29/03/18,0.641,17.8
29/03/18,0.613,24.2
29/03/18,0.69,17.5
29/03/18,1.095,17.7
29/03/18,1.053,19.7
29/03/18,0.933,22.3
30/03/18,0.055,30.2
30/03/18,0.258,20.8
30/03/18,0.106,30.7
30/03/18,0.08,30.8
30/03/18,0.064,29.3
30/03/18,0.259,21
30/03/18,0.264,20.2
30/03/18,0.095,28.2
30/03/18,0.123,26.7
30/03/18,0.168,25.2
30/03/18,0.307,19
30/03/18,0.197,29.8
30/03/18,0.284,27.2
30/03/18,0.258,21.6
30/03/18,0.287,28.7
30/03/18,0.265,22.4
30/03/18,0.28,25.2
30/03/18,0.418,19
30/03/18,0.246,23.4
30/03/18,0.329,23.5
30/03/18,0.508,18.5
30/03/18,0.565,18.2
30/03/18,0.588,21.9
30/03/18,0.73,19.8
31/03/18,0.129,30.7
31/03/18,0.113,31
31/03/18,0.117,30.5
31/03/18,0.262,23
31/03/18,0.294,20.1
31/03/18,0.32,19
31/03/18,0.332,18.4
31/03/18,0.158,29.9
31/03/18,0.136,29.7
31/03/18,0.327,19.6
31/03/18,0.257,22.7
31/03/18,0.176,24.7
31/03/18,0.152,28.3
31/03/18,0.148,26.9
31/03/18,0.257,24.3
31/03/18,0.323,20.9
31/03/18,0.304,29.1
31/03/18,0.321,20.2
31/03/18,0.446,19.1
31/03/18,0.273,21.7
31/03/18,0.412,18
31/03/18,0.465,18
31/03/18,0.377,26
31/03/18,0.481,27.8
01/04/18,0.279,20
01/04/18,0.136,30.6
01/04/18,0.097,30.1
01/04/18,0.105,30.6
01/04/18,0.142,30
01/04/18,0.117,29.7
01/04/18,0.294,19.7
01/04/18,0.184,28.6
01/04/18,0.246,23.3
01/04/18,0.365,18.9
01/04/18,0.155,30.3
01/04/18,0.168,28.1
01/04/18,0.26,20.8
01/04/18,0.215,26.2
01/04/18,0.275,21.3
01/04/18,0.272,22
01/04/18,0.321,24.4
01/04/18,0.387,26.2
01/04/18,0.494,18.6
01/04/18,0.434,24.4
01/04/18,0.783,20.5
01/04/18,0.607,22.5
01/04/18,0.889,18.9
01/04/18,,
02/04/18,0.271,20.6
02/04/18,0.031,30.1
02/04/18,0.044,29
02/04/18,0.305,19.8
02/04/18,0.063,31.8
02/04/18,0.051,30.9
02/04/18,0.258,21.5
02/04/18,0.257,22.2
02/04/18,0.273,20.8
02/04/18,0.049,31.6
02/04/18,0.299,19.8
02/04/18,0.18,29.8
02/04/18,0.171,31.3
02/04/18,0.106,27.4
02/04/18,0.329,19.5
02/04/18,0.223,27.5
02/04/18,0.3,22.3
02/04/18,0.244,25
02/04/18,0.453,19.2
02/04/18,0.501,21.2
02/04/18,0.379,23.4
02/04/18,0.369,25.2
02/04/18,0.292,23.4
02/04/18,0.785,19.2
03/04/18,0.05,30.7
03/04/18,0.039,26.5
03/04/18,0.03,28.8
03/04/18,0.13,28.8
03/04/18,0.106,30.4
03/04/18,0.074,30.8
03/04/18,0.038,29.9
03/04/18,0.033,28.1
03/04/18,0.097,24.8
03/04/18,0.188,26.9
03/04/18,0.226,23
03/04/18,0.302,18.4
03/04/18,0.236,24
03/04/18,0.324,21.4
03/04/18,0.353,20.2
03/04/18,0.318,18.3
03/04/18,0.256,22.1
03/04/18,0.329,18.8
03/04/18,0.285,25.1
03/04/18,0.3,18.3
03/04/18,0.352,19.6
03/04/18,0.437,17.3
03/04/18,0.542,20
03/04/18,0.8,18.3
04/04/18,0.201,22.6
04/04/18,0.054,31.2
04/04/18,0.028,30.7
04/04/18,0.164,24.1
04/04/18,0.068,31.9
04/04/18,0.036,31.9
04/04/18,0.22,26.2
04/04/18,0.23,22.1
04/04/18,0.13,30.4
04/04/18,0.054,30
04/04/18,0.194,24.9
04/04/18,0.09,27.4
04/04/18,0.075,28.4
04/04/18,0.176,27.9
04/04/18,0.259,19.5
04/04/18,0.268,21
04/04/18,0.262,19.6
04/04/18,0.296,19.6
04/04/18,0.353,25.8
04/04/18,0.755,23.4
04/04/18,0.686,19
04/04/18,1.611,18.6
04/04/18,1.978,19.1
04/04/18,1.531,21
05/04/18,0.025,29.9
05/04/18,0.036,28.7
05/04/18,0.098,31.2
05/04/18,0.138,29.6
05/04/18,0.049,32
05/04/18,0.04,31.8
05/04/18,0.034,31.6
05/04/18,0.126,27.2
05/04/18,0.25,25.7
05/04/18,0.249,27.4
05/04/18,0.226,24.3
05/04/18,0.151,22
05/04/18,0.171,23.5
05/04/18,0.228,20.7
05/04/18,0.221,23.6
05/04/18,0.229,21.1
05/04/18,0.157,22.9
05/04/18,0.359,19.9
05/04/18,0.299,25.8
05/04/18,0.587,19.7
05/04/18,1.441,19.1
05/04/18,2.134,19.1
05/04/18,1.201,21.9
05/04/18,0.822,24.2
06/04/18,0.015,30.3
06/04/18,0.016,29
06/04/18,0.208,20.6
06/04/18,0.088,30.8
06/04/18,0.022,27.7
06/04/18,0.1,29.2
06/04/18,0.043,31.5
06/04/18,0.027,31.4
06/04/18,0.086,26
06/04/18,0.026,31
06/04/18,0.299,23
06/04/18,0.254,23.1
06/04/18,0.234,20
06/04/18,0.217,21.4
06/04/18,0.18,27.5
06/04/18,0.249,19.5
06/04/18,0.266,24.1
06/04/18,0.245,22.2
06/04/18,0.204,25.5
06/04/18,0.306,24
06/04/18,0.221,21.6
06/04/18,0.652,22.1
06/04/18,0.591,19.1
06/04/18,1.467,20.2
07/04/18,0.02,27.5
07/04/18,0.021,32
07/04/18,0.017,31.1
07/04/18,0.089,29.9
07/04/18,0.034,30.9
07/04/18,0.018,31.6
07/04/18,0.056,25.6
07/04/18,0.015,30
07/04/18,0.02,28.9
07/04/18,0.144,27.4
07/04/18,0.173,23.1
07/04/18,0.262,22.1
07/04/18,0.172,24.9
07/04/18,0.335,20.6
07/04/18,0.325,21.3
07/04/18,0.15,23.1
07/04/18,0.33,20.1
07/04/18,0.361,19.5
07/04/18,0.357,19.2
07/04/18,0.399,21
07/04/18,0.494,18
07/04/18,0.165,22.1
07/04/18,0.834,18.6
07/04/18,0.919,17.7
08/04/18,0.024,31.6
08/04/18,0.026,31.2
08/04/18,0.069,31.6
08/04/18,0.048,31.9
08/04/18,0.041,30.3
08/04/18,0.047,28.6
08/04/18,0.223,20.2
08/04/18,0.233,19.2
08/04/18,0.095,30.7
08/04/18,0.235,18.6
08/04/18,0.2,20.5
08/04/18,0.167,28.3
08/04/18,0.194,26.6
08/04/18,0.272,18.8
08/04/18,0.556,22.5
08/04/18,0.569,24
08/04/18,0.732,25.9
08/04/18,0.324,18.3
08/04/18,0.243,21.2
08/04/18,0.431,24.7
08/04/18,0.491,22.9
08/04/18,0.676,17.6
08/04/18,0.854,20.4
08/04/18,0.933,18.1
09/04/18,0.021,32
09/04/18,0.028,31.5
09/04/18,0.028,31.7
09/04/18,0.052,27.5
09/04/18,0.036,30.8
09/04/18,0.276,18.5
09/04/18,0.056,31.3
09/04/18,0.04,29.1
09/04/18,0.264,21.9
09/04/18,0.323,19
09/04/18,0.278,19.9
09/04/18,0.261,20.4
09/04/18,0.252,21
09/04/18,0.142,30.5
09/04/18,0.24,26.7
09/04/18,0.339,18.5
09/04/18,0.278,25.2
09/04/18,0.246,28.4
09/04/18,0.294,24.1
09/04/18,0.877,21.2
09/04/18,0.649,18.2
09/04/18,0.764,25.4
09/04/18,1.281,19
09/04/18,1.137,23.4
10/04/18,0.272,26.2
10/04/18,0.261,25.1
10/04/18,0.131,32.4
10/04/18,0.076,31.9
10/04/18,0.08,30.7
10/04/18,0.167,32.2
10/04/18,0.302,23.1
10/04/18,0.279,21.4
10/04/18,0.227,31.3
10/04/18,0.376,20.5
10/04/18,0.331,27.8
10/04/18,0.344,20.6
10/04/18,0.243,29.5
10/04/18,0.349,30.6
10/04/18,0.367,19.9
10/04/18,0.476,29.4
10/04/18,0.515,19.7
10/04/18,0.588,28
10/04/18,0.654,19.3
10/04/18,1.399,18.9
10/04/18,1.256,21.5
10/04/18,1.917,19.6
10/04/18,1.139,23.8
10/04/18,1.126,25.9
11/04/18,0.236,18.5
11/04/18,0.203,19.1
11/04/18,0.199,20.4
11/04/18,0.238,18.2
11/04/18,0.217,23
11/04/18,0.217,22.8
11/04/18,0.219,23.7
11/04/18,0.259,24.4
11/04/18,0.339,17.9
11/04/18,0.309,25
11/04/18,0.41,30.6
11/04/18,0.649,30.8
11/04/18,0.386,25.3
11/04/18,0.29,30.1
11/04/18,0.264,30.3
11/04/18,0.432,28.9
11/04/18,0.478,21.9
11/04/18,0.393,28.9
11/04/18,0.495,27.1
11/04/18,0.51,26.5
11/04/18,0.537,24.5
11/04/18,0.717,19.7
11/04/18,0.621,17.8
11/04/18,0.903,18.2
12/04/18,0.232,21
12/04/18,0.152,23
12/04/18,0.117,30.2
12/04/18,0.1,30.9
12/04/18,0.065,31.2
12/04/18,0.096,30.3
12/04/18,0.272,20.2
12/04/18,0.115,28.3
12/04/18,0.137,24.2
12/04/18,0.121,26
12/04/18,0.127,28.5
12/04/18,0.355,19.9
12/04/18,0.43,18.4
12/04/18,0.432,17.8
12/04/18,0.173,22.1
12/04/18,0.434,19.3
12/04/18,0.489,17.5
12/04/18,0.336,28.2
12/04/18,0.396,25.8
12/04/18,0.461,18.9
12/04/18,0.475,23.3
12/04/18,0.617,21.1
12/04/18,0.608,17.9
12/04/18,0.72,19.6
13/04/18,0.045,30.2
13/04/18,0.033,30.2
13/04/18,0.04,29
13/04/18,0.199,20.3
13/04/18,0.187,20.8
13/04/18,0.077,24.8
13/04/18,0.02,29.8
13/04/18,0.059,26.2
13/04/18,0.049,28
13/04/18,0.136,27.7
13/04/18,0.067,29.9
13/04/18,0.127,23.4
13/04/18,0.203,24
13/04/18,0.205,21.5
13/04/18,0.187,25.4
13/04/18,0.196,22.6
13/04/18,0.174,19.8
13/04/18,0.225,19.9
13/04/18,0.195,21.6
13/04/18,0.363,21.2
13/04/18,0.192,19.7
13/04/18,0.396,19.1
13/04/18,0.892,18.3
13/04/18,1.225,19.2
14/04/18,0.028,30.5
14/04/18,0.026,30.4
14/04/18,0.019,29.9
14/04/18,0.048,30.4
14/04/18,0.025,29
14/04/18,0.083,24.7
14/04/18,0.057,26.2
14/04/18,0.052,27.8
14/04/18,0.185,20
14/04/18,0.209,19.4
14/04/18,0.075,29.6
14/04/18,0.224,23.7
14/04/18,0.229,18.9
14/04/18,0.192,20.8
14/04/18,0.25,18.6
14/04/18,0.212,25
14/04/18,0.364,22.8
14/04/18,0.442,20.8
14/04/18,0.255,28.3
14/04/18,0.319,26.5
14/04/18,0.348,18.3
14/04/18,0.584,17.5
14/04/18,0.984,17.2
14/04/18,1.106,18.5
15/04/18,0.08,30.9
15/04/18,0.068,30.7
15/04/18,0.041,31.4
15/04/18,0.086,31.5
15/04/18,0.199,23.9
15/04/18,0.193,25.3
15/04/18,0.245,18.5
15/04/18,0.206,27.1
15/04/18,0.199,23.5
15/04/18,0.152,29.1
15/04/18,0.152,25.6
15/04/18,0.258,18.7
15/04/18,0.139,27.7
15/04/18,0.212,30.3
15/04/18,0.299,21.4
15/04/18,0.223,22.5
15/04/18,0.248,21.7
15/04/18,0.265,19.9
15/04/18,0.255,19.3
15/04/18,0.436,19.6
15/04/18,0.44,18.3
15/04/18,0.565,17.5
15/04/18,0.631,18.1
15/04/18,0.411,29.3
16/04/18,0.231,20.2
16/04/18,0.227,19.8
16/04/18,0.211,21.4
16/04/18,0.177,23.1
16/04/18,0.204,22.4
16/04/18,0.043,30.4
16/04/18,0.093,30.9
16/04/18,0.085,31.2
16/04/18,0.149,26.5
16/04/18,0.145,30.1
16/04/18,0.105,29.4
16/04/18,0.175,24
16/04/18,0.146,25
16/04/18,0.199,29.8
16/04/18,0.181,27.7
16/04/18,0.232,26.5
16/04/18,0.284,24.4
16/04/18,0.344,19.7
16/04/18,0.545,22.6
16/04/18,0.394,28.7
16/04/18,0.61,19.3
16/04/18,1.035,21.2
16/04/18,1.271,18.8
16/04/18,1.885,19.7
17/04/18,0.015,30.3
17/04/18,0.014,29.4
17/04/18,0.058,24.5
17/04/18,0.175,21.3
17/04/18,0.02,31.6
17/04/18,0.022,31.1
17/04/18,0.023,30.2
17/04/18,0.023,31.3
17/04/18,0.023,28
17/04/18,0.09,25.5
17/04/18,0.179,21.7
17/04/18,0.069,28.2
17/04/18,0.021,31.4
17/04/18,0.226,20.2
17/04/18,0.087,26.7
17/04/18,0.185,22.9
17/04/18,0.284,19.6
17/04/18,0.126,26.2
17/04/18,0.195,24.1
17/04/18,0.421,21.7
17/04/18,0.173,22.2
17/04/18,0.478,19.4
17/04/18,0.744,19.7
17/04/18,0.779,19.2
18/04/18,0.014,32.6
18/04/18,0.014,32
18/04/18,0.014,28.7
18/04/18,0.015,29.9
18/04/18,0.088,23.7
18/04/18,0.016,32.2
18/04/18,0.015,32.5
18/04/18,0.021,27.1
18/04/18,0.016,31.1
18/04/18,0.103,23.1
18/04/18,0.2,20.5
18/04/18,0.031,24.7
18/04/18,0.024,31
18/04/18,0.119,24.9
18/04/18,0.189,21.3
18/04/18,0.058,26
18/04/18,0.169,22.4
18/04/18,0.074,27.5
18/04/18,0.203,20.3
18/04/18,0.089,29.2
18/04/18,0.389,23
18/04/18,0.301,20.2
18/04/18,0.648,21
18/04/18,0.557,19.9
19/04/18,0.073,28.1
19/04/18,0.056,22.4
19/04/18,0.049,26.8
19/04/18,0.02,28.4
19/04/18,0.039,32
19/04/18,0.061,33.5
19/04/18,0.103,33.5
19/04/18,0.054,32.8
19/04/18,0.067,21.7
19/04/18,0.052,23.9
19/04/18,0.057,30.2
19/04/18,0.046,26.7
19/04/18,0.044,23.2
19/04/18,0.038,32.7
19/04/18,0.129,33.8
19/04/18,0.163,29.9
19/04/18,0.048,22.9
19/04/18,0.48,23.1
19/04/18,0.259,21.1
19/04/18,0.161,31.6
19/04/18,0.469,24.7
19/04/18,0.529,20.6
19/04/18,0.991,20.3
19/04/18,1.172,21.3
20/04/18,0.027,25.3
20/04/18,0.021,26.2
20/04/18,0.027,32.2
20/04/18,0.099,25.8
20/04/18,0.061,24.2
20/04/18,0.02,31.5
20/04/18,0.043,31.7
20/04/18,0.041,29.9
20/04/18,0.043,32.1
20/04/18,0.108,23.7
20/04/18,0.195,22.6
20/04/18,0.111,31.7
20/04/18,0.144,30.5
20/04/18,0.078,27.8
20/04/18,0.188,23.3
20/04/18,0.076,26.6
20/04/18,0.204,29.7
20/04/18,0.282,27.5
20/04/18,0.269,22.4
20/04/18,0.548,23
20/04/18,0.443,25.9
20/04/18,0.539,24.4
20/04/18,0.471,21.6
20/04/18,0.643,22.1
21/04/18,0.014,31.6
21/04/18,0.015,32.1
21/04/18,0.014,31.9
21/04/18,0.076,20.9
21/04/18,0.093,23.6
21/04/18,0.015,33.2
21/04/18,0.019,29.3
21/04/18,0.014,32.7
21/04/18,0.02,30
21/04/18,0.074,22.7
21/04/18,0.051,21.7
21/04/18,0.075,24.9
21/04/18,0.014,33.3
21/04/18,0.059,24.4
21/04/18,0.095,20.3
21/04/18,0.028,27.7
21/04/18,0.03,27.5
21/04/18,0.088,25.9
21/04/18,0.051,26.2
21/04/18,0.174,20
21/04/18,0.204,22.2
21/04/18,0.208,24
21/04/18,0.261,20.7
21/04/18,0.08,25.3
22/04/18,0.015,33.1
22/04/18,0.015,33.1
22/04/18,0.015,32.3
22/04/18,0.015,29.3
22/04/18,0.015,30.7
22/04/18,0.015,32.8
22/04/18,0.015,27.3
22/04/18,0.015,25.3
22/04/18,0.072,21.5
22/04/18,0.075,22
22/04/18,0.014,31.9
22/04/18,0.051,20.9
22/04/18,0.042,28.4
22/04/18,0.099,21
22/04/18,0.03,23.6
22/04/18,0.053,25.8
22/04/18,0.047,26.2
22/04/18,0.032,23.9
22/04/18,0.016,30.5
22/04/18,0.099,20.4
22/04/18,0.024,24.8
22/04/18,0.143,22.4
22/04/18,0.245,19.7
22/04/18,0.507,21.1
23/04/18,0.029,23.5
23/04/18,0.021,22.8
23/04/18,0.014,33.5
23/04/18,0.014,32.2
23/04/18,0.014,33.6
23/04/18,0.028,24.2
23/04/18,0.038,23.9
23/04/18,0.014,30.5
23/04/18,0.014,29.1
23/04/18,0.029,25.3
23/04/18,0.016,27.1
23/04/18,0.024,22.4
23/04/18,0.035,28.9
23/04/18,0.015,33.8
23/04/18,0.037,30.7
23/04/18,0.014,33.7
23/04/18,0.067,27.5
23/04/18,0.024,32.8
23/04/18,0.07,26.6
23/04/18,0.094,25.2
23/04/18,0.09,21.6
23/04/18,0.417,23.5
23/04/18,0.363,21.1
23/04/18,0.885,21.8
24/04/18,0.045,25
24/04/18,0.053,24.6
24/04/18,0.014,33.8
24/04/18,0.041,24.4
24/04/18,0.031,25.8
24/04/18,0.014,33.5
24/04/18,0.071,23.3
24/04/18,0.065,25.8
24/04/18,0.018,31.7
24/04/18,0.014,32.9
24/04/18,0.02,32.7
24/04/18,0.015,32
24/04/18,0.021,30.1
24/04/18,0.042,27.2
24/04/18,0.024,25.2
24/04/18,0.019,30.3
24/04/18,0.022,28.8
24/04/18,0.162,25.8
24/04/18,0.044,28.2
24/04/18,0.031,26.5
24/04/18,0.371,22.5
24/04/18,0.752,23.8
24/04/18,0.913,22.1
24/04/18,0.975,22.8
25/04/18,0.322,33.6
25/04/18,0.314,33
25/04/18,0.313,32.7
25/04/18,0.03,24
25/04/18,0.032,23.3
25/04/18,0.375,33.8
25/04/18,,31.2
25/04/18,0.038,24.6
25/04/18,0.038,22.7
25/04/18,0.558,26.2
25/04/18,0.468,32.7
25/04/18,0.349,34
25/04/18,0.068,21.8
25/04/18,0.06,22
25/04/18,0.563,30.5
25/04/18,0.13,29.6
25/04/18,0.537,27.2
25/04/18,0.084,22
25/04/18,0.566,28.5
25/04/18,0.654,21.2
25/04/18,1.376,21.6
25/04/18,0.51,27.3
25/04/18,0.909,25.7
25/04/18,2.008,23.7
26/04/18,0.321,33.9
26/04/18,0.332,33.5
26/04/18,0.339,32.6
26/04/18,0.384,34.1
26/04/18,0.334,31.5
26/04/18,0.362,30
26/04/18,0.551,27.5
26/04/18,0.449,31.7
26/04/18,0.41,33.6
26/04/18,0.532,24.3
26/04/18,0.551,25.2
26/04/18,0.481,29.3
26/04/18,0.432,28.2
26/04/18,0.582,22.8
26/04/18,0.583,25.2
26/04/18,0.594,23.4
26/04/18,0.593,21.7
26/04/18,0.636,21.6
26/04/18,0.605,26.3
26/04/18,0.678,21.5
26/04/18,0.934,25.7
26/04/18,1.506,23.1
26/04/18,1.482,20.3
26/04/18,2.113,21.2
27/04/18,0.368,33.1
27/04/18,0.515,23.8
27/04/18,0.544,23
27/04/18,0.541,22.3
27/04/18,0.376,33.7
27/04/18,0.364,31.3
27/04/18,0.541,21.1
27/04/18,0.409,27.2
27/04/18,0.358,32.3
27/04/18,0.36,28.6
27/04/18,0.374,30.2
27/04/18,0.557,20.8
27/04/18,0.563,21.4
27/04/18,0.554,29.5
27/04/18,0.427,33.3
27/04/18,0.553,24.1
27/04/18,0.479,32.3
27/04/18,0.576,25.3
27/04/18,0.586,24.9
27/04/18,0.654,20.3
27/04/18,0.636,27.1
27/04/18,0.942,23
27/04/18,1.385,21.2
27/04/18,1.3,20.1
28/04/18,0.34,33.1
28/04/18,0.313,32.6
28/04/18,0.382,33
28/04/18,0.337,33.2
28/04/18,0.516,29.3
28/04/18,0.467,31.6
28/04/18,0.355,31.6
28/04/18,0.538,21.6
28/04/18,0.589,23.3
28/04/18,0.401,26.5
28/04/18,0.579,23
28/04/18,0.557,21.8
28/04/18,0.474,24.8
28/04/18,0.556,22.4
28/04/18,0.574,26.1
28/04/18,0.604,24.9
28/04/18,0.492,21.5
28/04/18,0.393,30.1
28/04/18,0.444,28.5
28/04/18,0.57,27.6
28/04/18,0.699,20.9
28/04/18,1.027,21.3
28/04/18,0.963,20.2
28/04/18,0.942,20.4
29/04/18,0.338,31.1
29/04/18,0.371,32.2
29/04/18,0.351,32.3
29/04/18,0.342,31.6
29/04/18,0.57,22.5
29/04/18,0.46,27.6
29/04/18,0.419,30.7
29/04/18,0.444,29.5
29/04/18,0.488,24
29/04/18,0.548,21.6
29/04/18,0.563,22.3
29/04/18,0.53,26.2
29/04/18,0.587,22.8
29/04/18,0.566,23.5
29/04/18,0.461,28.3
29/04/18,0.369,30.1
29/04/18,0.609,24
29/04/18,0.573,26.5
29/04/18,0.531,24.9
29/04/18,0.646,21.1
29/04/18,0.655,21
29/04/18,0.673,20.5
29/04/18,0.779,22.8
29/04/18,0.755,24.6
30/04/18,0.504,22.5
30/04/18,0.519,22.3
30/04/18,0.489,23
30/04/18,0.275,32.4
30/04/18,0.486,22.7
30/04/18,0.318,32.2
30/04/18,0.508,22.2
30/04/18,0.391,30.9
30/04/18,0.491,24.9
30/04/18,0.498,25.9
30/04/18,0.351,32.1
30/04/18,0.359,32.1
30/04/18,0.437,29.4
30/04/18,0.432,31
30/04/18,0.511,21.9
30/04/18,0.5,27.8
30/04/18,0.486,28.8
30/04/18,0.613,21.5
30/04/18,0.664,25.7
30/04/18,0.513,27
30/04/18,0.875,24.1
30/04/18,0.946,21.2
30/04/18,1.162,21.3
30/04/18,1.45,23.1
01/05/18,0.376,30.8
01/05/18,0.369,30.5
01/05/18,0.487,23.6
01/05/18,0.519,23
01/05/18,0.529,23.3
01/05/18,0.388,31.5
01/05/18,0.486,28.9
01/05/18,0.551,21.4
01/05/18,0.413,30.8
01/05/18,0.548,22
01/05/18,0.589,21
01/05/18,0.477,29.5
01/05/18,0.537,28.4
01/05/18,0.574,27.5
01/05/18,0.623,21.1
01/05/18,0.626,21
01/05/18,0.659,20.6
01/05/18,0.68,27.4
01/05/18,0.653,22.6
01/05/18,0.86,24.4
01/05/18,0.82,26.2
01/05/18,0.955,22.9
01/05/18,0.974,20.5
01/05/18,1.141,21.1
02/05/18,0.485,32.4
02/05/18,1.072,21.5
02/05/18,0.604,20.9
02/05/18,0.607,21.1
02/05/18,1.089,22.3
02/05/18,0.46,31.3
02/05/18,1.053,24.6
02/05/18,0.908,31.9
02/05/18,0.646,20.6
02/05/18,0.934,30.4
02/05/18,0.995,27.1
02/05/18,0.618,21.2
02/05/18,0.676,20.6
02/05/18,1.123,22.9
02/05/18,0.98,29.2
02/05/18,0.569,29.9
02/05/18,0.74,26
02/05/18,0.748,27.7
02/05/18,1.099,24.3
02/05/18,1.3,20.4
02/05/18,0.872,20.4
02/05/18,0.941,20.1
02/05/18,1.151,19.7
02/05/18,1.504,22.4
03/05/18,1.061,20.6
03/05/18,0.98,24.5
03/05/18,0.821,29.9
03/05/18,0.745,29.8
03/05/18,1.069,20.3
03/05/18,1.068,20.8
03/05/18,1.022,21
03/05/18,0.825,29.5
03/05/18,1.042,21.5
03/05/18,0.985,28.2
03/05/18,1.035,20.9
03/05/18,1.016,27.3
03/05/18,1.01,28.8
03/05/18,0.993,25.4
03/05/18,1.033,26.1
03/05/18,1.001,28.7
03/05/18,1.011,27.6
03/05/18,1.124,27.7
03/05/18,1.165,21.4
03/05/18,1.597,26.2
03/05/18,1.597,21.5
03/05/18,1.454,21.2
03/05/18,1.98,24.3
03/05/18,1.899,22.4
04/05/18,0.701,32.6
04/05/18,0.744,33.4
04/05/18,0.663,33.7
04/05/18,0.672,31
04/05/18,0.691,32.1
04/05/18,0.952,28.3
04/05/18,1.027,22.8
04/05/18,0.784,30.1
04/05/18,1.008,23.2
04/05/18,0.927,30.7
04/05/18,0.827,32.4
04/05/18,0.995,23.4
04/05/18,0.937,22.8
04/05/18,0.954,26.6
04/05/18,1.039,28.2
04/05/18,1.007,23
04/05/18,0.97,25.6
04/05/18,0.995,23.9
04/05/18,1.391,27.1
04/05/18,1.266,22.8
04/05/18,1.674,23
04/05/18,1.612,22.4
04/05/18,1.789,24
04/05/18,1.852,25.1
05/05/18,0.965,24.1
05/05/18,0.834,30.6
05/05/18,0.815,31.4
05/05/18,0.807,32.3
05/05/18,0.959,22.9
05/05/18,0.964,22.5
05/05/18,0.848,29.2
05/05/18,0.966,22.5
05/05/18,0.873,32.8
05/05/18,0.957,27.5
05/05/18,0.951,28.4
05/05/18,0.941,32.5
05/05/18,0.899,32.7
05/05/18,1.01,22.8
05/05/18,1.028,25.6
05/05/18,0.986,23.4
05/05/18,1.063,23.9
05/05/18,0.972,25
05/05/18,0.706,19.7
05/05/18,0.805,21.2
05/05/18,0.826,21.1
05/05/18,0.722,21.8
05/05/18,1.28,22.7
05/05/18,1.319,22.8
06/05/18,0.333,29
06/05/18,0.455,28
06/05/18,0.279,29.1
06/05/18,0.463,26.9
06/05/18,0.553,18.7
06/05/18,0.376,24.3
06/05/18,0.617,18.9
06/05/18,0.575,18.8
06/05/18,0.347,28.9
06/05/18,0.499,24.4
06/05/18,0.452,25.6
06/05/18,0.604,18.9
06/05/18,0.552,22.8
06/05/18,0.67,19.3
06/05/18,0.63,19
06/05/18,0.585,21.4
06/05/18,0.643,20.6
06/05/18,0.454,26.9
06/05/18,0.64,18.7
06/05/18,0.737,19.2
06/05/18,0.588,25.5
06/05/18,0.735,18.8
06/05/18,0.59,25.5
06/05/18,0.616,25.9
07/05/18,0.344,17.9
07/05/18,0.324,19.5
07/05/18,0.398,22.7
07/05/18,0.398,22
07/05/18,0.342,26.7
07/05/18,0.226,30.3
07/05/18,0.194,30.7
07/05/18,0.302,29.2
07/05/18,0.41,25.7
07/05/18,0.359,28.2
07/05/18,0.416,22.4
07/05/18,0.266,30.5
07/05/18,0.36,25.4
07/05/18,0.404,22.3
07/05/18,0.443,23.8
07/05/18,0.457,21.6
07/05/18,0.391,27.5
07/05/18,0.454,22.3
07/05/18,0.438,29.2
07/05/18,0.473,21.4
07/05/18,0.612,22.4
07/05/18,0.498,28.6
07/05/18,0.788,21.5
07/05/18,1.171,21.8
08/05/18,0.358,17.7
08/05/18,0.354,29.2
08/05/18,0.385,28.4
08/05/18,0.353,28.8
08/05/18,0.424,26.7
08/05/18,0.451,28.5
08/05/18,0.323,18.2
08/05/18,0.582,18.5
08/05/18,0.606,18.2
08/05/18,0.58,18.3
08/05/18,0.63,22.5
08/05/18,0.602,27.8
08/05/18,0.571,25.5
08/05/18,0.578,27.2
08/05/18,0.604,24.2
08/05/18,0.563,25.4
08/05/18,0.909,24
08/05/18,0.708,18.1
08/05/18,0.881,19.5
08/05/18,0.957,18.4
08/05/18,0.833,17.9
08/05/18,0.935,18
08/05/18,1.235,20.9
08/05/18,1.168,21.9
09/05/18,0.644,20
09/05/18,0.634,20.8
09/05/18,0.463,30.4
09/05/18,0.435,30.2
09/05/18,0.632,20.4
09/05/18,0.661,21.9
09/05/18,0.645,19.9
09/05/18,0.645,24.6
09/05/18,0.52,29
09/05/18,0.655,21.3
09/05/18,0.54,29.6
09/05/18,0.701,21.6
09/05/18,0.659,23.1
09/05/18,0.63,26
09/05/18,0.559,27.6
09/05/18,0.769,20.4
09/05/18,0.714,19.4
09/05/18,0.739,24.3
09/05/18,0.829,19.5
09/05/18,0.752,24.9
09/05/18,0.765,25.6
09/05/18,0.837,26.2
09/05/18,0.808,27.7
09/05/18,0.906,24.7
10/05/18,0.635,21.3
10/05/18,0.473,29.9
10/05/18,0.614,22.4
10/05/18,0.631,21.9
10/05/18,0.541,23.5
10/05/18,0.531,29.8
10/05/18,0.673,21.1
10/05/18,0.57,28.9
10/05/18,0.763,23.6
10/05/18,0.712,20.4
10/05/18,0.665,28
10/05/18,0.687,23.3
10/05/18,0.753,24.9
10/05/18,0.7,20.4
10/05/18,0.763,27
10/05/18,0.741,22.3
10/05/18,0.776,20
10/05/18,0.804,19.6
10/05/18,0.951,22.1
10/05/18,0.82,18.6
10/05/18,0.786,20.2
10/05/18,0.891,20.8
10/05/18,0.853,21.9
10/05/18,1.019,20.7
11/05/18,0.456,30.6
11/05/18,0.439,30.7
11/05/18,0.622,23.4
11/05/18,0.56,25.2
11/05/18,0.489,28.9
11/05/18,0.543,26.7
11/05/18,0.468,29.6
11/05/18,0.65,22.2
11/05/18,0.63,23.5
11/05/18,0.524,30
11/05/18,0.532,28.2
11/05/18,0.605,28.6
11/05/18,0.656,26.1
11/05/18,0.641,24.5
11/05/18,0.878,18.6
11/05/18,0.897,17.5
11/05/18,0.908,18
11/05/18,1.03,19
11/05/18,0.957,17.8
11/05/18,1.297,20.1
11/05/18,0.938,17.8
11/05/18,1.439,18.3
11/05/18,1.006,17.5
11/05/18,1.2,17.4
12/05/18,0.624,21.4
12/05/18,0.608,21.9
12/05/18,0.494,30.3
12/05/18,0.451,30.7
12/05/18,0.54,29.5
12/05/18,0.629,20.6
12/05/18,0.45,30.9
12/05/18,0.542,29.8
12/05/18,0.619,21
12/05/18,0.647,22.4
12/05/18,0.598,27.7
12/05/18,0.669,24.2
12/05/18,0.639,23
12/05/18,0.699,19.8
12/05/18,0.687,20.7
12/05/18,0.644,28.4
12/05/18,0.654,25.1
12/05/18,0.761,20.3
12/05/18,0.717,27.2
12/05/18,0.692,25.9
12/05/18,0.805,21.4
12/05/18,0.658,26.2
12/05/18,0.882,22.6
12/05/18,0.859,24.2
13/05/18,0.523,31.7
13/05/18,0.538,32
13/05/18,0.672,20.7
13/05/18,0.559,31.3
13/05/18,0.667,21.6
13/05/18,0.65,20.5
13/05/18,0.64,22.2
13/05/18,0.58,31.4
13/05/18,0.583,25.8
13/05/18,0.609,30.4
13/05/18,0.629,29.8
13/05/18,0.686,20.4
13/05/18,0.685,28.8
13/05/18,0.666,23.7
13/05/18,0.618,29.9
13/05/18,0.762,26.1
13/05/18,0.716,27.3
13/05/18,0.675,28.4
13/05/18,0.688,20.7
13/05/18,0.727,21
13/05/18,0.601,26.8
13/05/18,0.838,21.6
13/05/18,0.9,24.1
13/05/18,1.063,22.7
14/05/18,0.342,18.4
14/05/18,0.441,19
14/05/18,0.472,19.3
14/05/18,0.618,23.2
14/05/18,0.462,24.7
14/05/18,0.648,19.1
14/05/18,0.657,19.9
14/05/18,0.459,25.3
14/05/18,0.346,31.2
14/05/18,0.432,29.6
14/05/18,0.338,30.9
14/05/18,0.511,28.4
14/05/18,0.555,26.1
14/05/18,0.426,30.4
14/05/18,0.465,29.4
14/05/18,0.546,26
14/05/18,0.584,19
14/05/18,0.553,28
14/05/18,0.653,26.3
14/05/18,0.85,24.1
14/05/18,1.284,22.4
14/05/18,1.386,20.7
14/05/18,1.237,19.6
14/05/18,1.093,19
15/05/18,0.16,31.5
15/05/18,0.236,30.5
15/05/18,0.285,29.4
15/05/18,0.475,24
15/05/18,0.179,32.4
15/05/18,0.408,21.6
15/05/18,0.248,33
15/05/18,0.378,27.7
15/05/18,0.306,33.2
15/05/18,0.51,23.2
15/05/18,0.445,21.6
15/05/18,0.4,32.6
15/05/18,0.495,22.3
15/05/18,0.457,21.9
15/05/18,0.507,26.3
15/05/18,0.505,28
15/05/18,0.641,24.5
15/05/18,0.632,21.3
15/05/18,0.625,31
15/05/18,0.687,28.9
15/05/18,0.885,20.8
15/05/18,0.997,21.3
15/05/18,0.926,22.6
15/05/18,0.866,30
16/05/18,0.282,34.2
16/05/18,0.45,25.2
16/05/18,0.291,34.4
16/05/18,0.317,33.6
16/05/18,0.49,26.6
16/05/18,0.369,34.4
16/05/18,0.455,26.1
16/05/18,0.561,30.2
16/05/18,0.636,28.2
16/05/18,0.491,32.5
16/05/18,0.559,31.4
16/05/18,0.452,24.2
16/05/18,0.714,29.4
16/05/18,0.611,33.2
16/05/18,0.618,28.3
16/05/18,0.588,27.2
16/05/18,0.517,23.6
16/05/18,0.7,26.5
16/05/18,0.901,30.9
16/05/18,0.945,30.5
16/05/18,0.726,23.4
16/05/18,1.237,22.8
16/05/18,1.188,24.7
16/05/18,1.083,22.7
17/05/18,0.581,25.8
17/05/18,0.314,34.4
17/05/18,0.297,33.9
17/05/18,0.299,33.4
17/05/18,0.588,25
17/05/18,0.591,22.9
17/05/18,0.576,24.1
17/05/18,0.651,26.8
17/05/18,0.447,34
17/05/18,0.363,34.4
17/05/18,0.372,32.6
17/05/18,0.683,27.6
17/05/18,0.615,27.3
17/05/18,0.631,29.1
17/05/18,0.587,32
17/05/18,0.537,29.9
17/05/18,0.532,31.5
17/05/18,0.65,22.8
17/05/18,0.613,28.3
17/05/18,0.671,26.6
17/05/18,0.693,30.3
17/05/18,0.754,22.9
17/05/18,0.733,24.6
17/05/18,0.916,23.1
18/05/18,0.323,34.1
18/05/18,0.283,34
18/05/18,0.306,33.5
18/05/18,0.546,26.3
18/05/18,0.406,33.6
18/05/18,0.432,29.4
18/05/18,0.32,32.2
18/05/18,0.496,27.9
18/05/18,0.365,31.1
18/05/18,0.546,25.1
18/05/18,0.474,32.2
18/05/18,0.587,23.3
18/05/18,0.535,28.1
18/05/18,0.572,24.2
18/05/18,0.589,25.1
18/05/18,0.565,30
18/05/18,0.593,26
18/05/18,0.622,26.5
18/05/18,0.685,23.1
18/05/18,0.694,24.2
18/05/18,0.649,22.5
18/05/18,0.604,25.6
18/05/18,0.824,21.8
18/05/18,0.89,22.6
19/05/18,0.354,32.9
19/05/18,0.343,32.6
19/05/18,0.512,24.4
19/05/18,0.429,31
19/05/18,0.33,32.8
19/05/18,0.405,31.4
19/05/18,0.489,28.8
19/05/18,0.363,32.2
19/05/18,0.394,29.3
19/05/18,0.49,27.5
19/05/18,0.413,30.6
19/05/18,0.564,23
19/05/18,0.523,25.6
19/05/18,0.57,24.3
19/05/18,0.549,27.3
19/05/18,0.598,24.2
19/05/18,0.592,22
19/05/18,0.548,23.9
19/05/18,0.544,24.1
19/05/18,0.707,22.6
19/05/18,0.602,25.8
19/05/18,0.683,21.9
19/05/18,1.341,22.4
19/05/18,1.21,21.7
20/05/18,0.263,26.9
20/05/18,0.399,22.3
20/05/18,0.3,25.5
20/05/18,0.19,31.1
20/05/18,0.201,30.2
20/05/18,0.206,28.6
20/05/18,0.109,32.2
20/05/18,0.174,32.2
20/05/18,0.15,31.7
20/05/18,0.222,31.8
20/05/18,0.365,24
20/05/18,0.494,20.1
20/05/18,0.556,23.2
20/05/18,0.543,21.9
20/05/18,0.541,21.1
20/05/18,0.334,29.9
20/05/18,0.51,19.8
20/05/18,0.442,27.7
20/05/18,0.554,20.5
20/05/18,0.434,24.8
20/05/18,0.492,21
20/05/18,0.52,22.8
20/05/18,0.427,26
20/05/18,0.622,19.2
21/05/18,0.483,22.2
21/05/18,0.293,33.3
21/05/18,0.531,21.9
21/05/18,0.335,33.2
21/05/18,0.414,32.1
21/05/18,0.679,25.4
21/05/18,0.639,21.2
21/05/18,0.631,24.5
21/05/18,0.465,23.2
21/05/18,0.494,32.1
21/05/18,0.583,20.9
21/05/18,0.644,28.6
21/05/18,0.641,22.8
21/05/18,0.446,23.7
21/05/18,0.647,20.7
21/05/18,0.655,31.3
21/05/18,0.572,30.8
21/05/18,0.802,25.6
21/05/18,0.794,27.3
21/05/18,0.818,28.9
21/05/18,0.69,26.6
21/05/18,0.864,30.2
21/05/18,0.921,21.1
21/05/18,0.966,20.4
22/05/18,0.563,21.5
22/05/18,0.573,21.9
22/05/18,0.238,33.8
22/05/18,0.289,33
22/05/18,0.271,32.7
22/05/18,0.249,31.5
22/05/18,0.612,22.3
22/05/18,0.593,21.2
22/05/18,0.335,33.4
22/05/18,0.631,24.8
22/05/18,0.652,23.2
22/05/18,0.397,32.5
22/05/18,0.586,28.7
22/05/18,0.522,30.8
22/05/18,0.566,30.1
22/05/18,0.767,21.2
22/05/18,0.608,27.1
22/05/18,0.896,26.6
22/05/18,0.622,25.6
22/05/18,0.865,28.3
22/05/18,1.115,21.2
22/05/18,1.171,20.7
22/05/18,1.225,22.8
22/05/18,1.499,24.7
23/05/18,0.214,34
23/05/18,0.293,33.9
23/05/18,0.177,33.9
23/05/18,0.175,33.3
23/05/18,0.538,23.4
23/05/18,0.378,33.3
23/05/18,0.287,31.7
23/05/18,0.597,24.3
23/05/18,0.563,22.8
23/05/18,0.378,30.8
23/05/18,0.637,23.7
23/05/18,0.489,32.3
23/05/18,0.544,28.2
23/05/18,0.599,27.1
23/05/18,0.608,28.2
23/05/18,0.564,29.4
23/05/18,0.623,30.1
23/05/18,0.804,26
23/05/18,0.591,25
23/05/18,0.892,22
23/05/18,1.058,24.2
23/05/18,1.53,21.9
23/05/18,1.047,21.3
23/05/18,1.611,20.9
24/05/18,0.178,35.1
24/05/18,0.223,35.4
24/05/18,0.328,33.4
24/05/18,0.625,27.8
24/05/18,0.314,35.3
24/05/18,0.404,30.1
24/05/18,0.62,24.2
24/05/18,0.432,34.7
24/05/18,0.377,32.1
24/05/18,0.612,23.4
24/05/18,0.573,24.7
24/05/18,0.655,30.3
24/05/18,0.68,28.9
24/05/18,0.23,34.5
24/05/18,0.555,26.3
24/05/18,0.688,23.7
24/05/18,0.618,27.9
24/05/18,0.561,32.9
24/05/18,0.722,22.5
24/05/18,0.723,25.8
24/05/18,0.568,26.5
24/05/18,0.863,23.8
24/05/18,1.027,21.7
24/05/18,1.192,22.2
25/05/18,0.663,23.8
25/05/18,0.305,33.2
25/05/18,0.616,26.9
25/05/18,0.351,34.9
25/05/18,0.287,35.2
25/05/18,0.385,31.5
25/05/18,0.666,23.3
25/05/18,0.62,24.9
25/05/18,0.281,34.6
25/05/18,0.675,22.4
25/05/18,0.426,35
25/05/18,0.511,29
25/05/18,0.565,27.1
25/05/18,0.489,34.3
25/05/18,0.612,26
25/05/18,0.685,22.2
25/05/18,0.598,32.4
25/05/18,0.585,27.6
25/05/18,0.677,30.3
25/05/18,0.665,28.6
25/05/18,0.788,22.1
25/05/18,0.815,25.3
25/05/18,0.877,22.8
25/05/18,1.07,23.9
26/05/18,0.674,27.6
26/05/18,0.685,28.9
26/05/18,0.319,35.3
26/05/18,0.603,26.5
26/05/18,0.341,34.9
26/05/18,0.458,35.2
26/05/18,0.543,34.6
26/05/18,0.417,34.2
26/05/18,0.599,25.9
26/05/18,0.635,33.1
26/05/18,0.702,32
26/05/18,0.704,31.3
26/05/18,0.72,33.5
26/05/18,0.684,25.6
26/05/18,0.81,24.2
26/05/18,0.885,30.1
26/05/18,0.86,24.9
26/05/18,0.874,22.7
26/05/18,0.842,23.3
26/05/18,1.023,28.5
26/05/18,0.972,22.4
26/05/18,1.112,27
26/05/18,1.079,23.2
26/05/18,1.049,24.8
27/05/18,0.342,36.4
27/05/18,0.279,35.5
27/05/18,0.38,36.4
27/05/18,0.325,36.2
27/05/18,0.529,35.4
27/05/18,0.67,26.4
27/05/18,0.682,26.1
27/05/18,0.646,32.9
27/05/18,0.454,33.9
27/05/18,0.677,28.8
27/05/18,0.72,28.2
27/05/18,0.65,30.4
27/05/18,0.562,31.9
27/05/18,0.685,30.3
27/05/18,0.778,25.4
27/05/18,0.752,24.3
27/05/18,0.78,26.6
27/05/18,0.785,23.7
27/05/18,0.634,26.7
27/05/18,0.789,24.5
27/05/18,0.864,22.8
27/05/18,0.645,28.4
27/05/18,0.838,22
27/05/18,0.834,22.7
28/05/18,0.637,24.6
28/05/18,0.657,26.4
28/05/18,0.65,24.9
28/05/18,0.636,27.6
28/05/18,0.685,27.4
28/05/18,0.673,24.3
28/05/18,0.691,28.6
28/05/18,0.484,36.4
28/05/18,0.497,35.5
28/05/18,0.671,22.8
28/05/18,0.485,35.9
28/05/18,0.48,34.2
28/05/18,0.67,30.4
28/05/18,0.68,32.5
28/05/18,0.642,34.6
28/05/18,0.709,22.2
28/05/18,0.672,33
28/05/18,0.924,31.6
28/05/18,0.885,22
28/05/18,1.041,24.9
28/05/18,1.068,29.7
28/05/18,1.149,26.4
28/05/18,1.191,27.8
28/05/18,1.054,22.6
29/05/18,0.338,36.7
29/05/18,0.668,24.7
29/05/18,0.702,26.9
29/05/18,0.692,26
29/05/18,0.465,34.3
29/05/18,0.568,34.6
29/05/18,0.666,24.2
29/05/18,0.493,35.7
29/05/18,0.655,27.5
29/05/18,0.616,33
29/05/18,0.704,23.3
29/05/18,0.368,35.1
29/05/18,0.283,36.3
29/05/18,0.791,22
29/05/18,0.666,31.4
29/05/18,0.713,25.1
29/05/18,0.692,23
29/05/18,0.755,29.4
29/05/18,0.733,27.3
29/05/18,0.718,22
29/05/18,0.627,31.4
29/05/18,0.742,29.4
29/05/18,0.75,30.3
29/05/18,0.824,21.5
30/05/18,0.245,36.4
30/05/18,0.663,25.3
30/05/18,0.293,37.5
30/05/18,0.286,37.1
30/05/18,0.271,35.5
30/05/18,0.339,37.2
30/05/18,0.617,30.9
30/05/18,0.39,33.6
30/05/18,0.45,36.4
30/05/18,0.691,29.1
30/05/18,0.675,25.3
30/05/18,0.622,29.8
30/05/18,0.608,32.4
30/05/18,0.585,34.6
30/05/18,0.7,24.2
30/05/18,0.628,28.1
30/05/18,0.66,31.7
30/05/18,0.756,23.1
30/05/18,0.753,25.6
30/05/18,1.009,24.7
30/05/18,1.127,22.9
30/05/18,0.949,22.3
30/05/18,1.149,29.4
30/05/18,1.3,27.3
31/05/18,0.64,24.8
31/05/18,0.611,28.4
31/05/18,0.614,27.1
31/05/18,0.687,29.6
31/05/18,0.653,24.2
31/05/18,0.668,31.4
31/05/18,0.746,33.7
31/05/18,0.716,22.3
31/05/18,0.522,38
31/05/18,0.683,28.3
31/05/18,0.615,25
31/05/18,0.769,21.8
31/05/18,0.576,36.7
31/05/18,0.814,22.2
31/05/18,0.739,29.5
31/05/18,0.927,23.9
31/05/18,0.906,28.8
31/05/18,0.676,36.8
31/05/18,0.866,33.2
31/05/18,0.932,31.1
31/05/18,0.878,35.5
31/05/18,0.802,35.5
31/05/18,1.077,26.5
31/05/18,0.859,35.1
01/06/18,0.634,26.1
01/06/18,0.852,24.8
01/06/18,0.665,27.3
01/06/18,0.861,26.2
01/06/18,0.686,25.3
01/06/18,0.55,32.7
01/06/18,0.681,22.9
01/06/18,0.694,30.9
01/06/18,1.464,12.8
01/06/18,0.705,22.2
01/06/18,1.433,36.6
01/06/18,1.36,36.8
01/06/18,1.668,36.1
01/06/18,0.987,26.7
01/06/18,0.825,28.5
01/06/18,0.845,28.4
01/06/18,0.684,23.8
01/06/18,1.231,36.9
01/06/18,0.844,21.8
01/06/18,0.76,22.1
01/06/18,0.922,33.3
01/06/18,1.008,36.2
01/06/18,1.131,24.8
01/06/18,1.31,23.3
02/06/18,0.864,23.3
02/06/18,0.961,37.5
02/06/18,0.881,22.9
02/06/18,0.832,37.3
02/06/18,1.074,36.6
02/06/18,0.88,21.4
02/06/18,0.885,21.7
02/06/18,0.858,22.4
02/06/18,0.854,34.3
02/06/18,0.789,36.1
02/06/18,0.997,35.4
02/06/18,0.854,33.8
02/06/18,0.94,31.9
02/06/18,0.87,24.3
02/06/18,0.872,23.8
02/06/18,0.916,33
02/06/18,0.926,23.9
02/06/18,0.883,25.7
02/06/18,0.939,30.6
02/06/18,0.936,21.8
02/06/18,1.065,22.4
03/06/18,0.58,33.6
03/06/18,0.58,32.2
03/06/18,0.571,34.1
03/06/18,0.579,33.1
03/06/18,0.664,28.7
03/06/18,0.61,30.6
03/06/18,0.91,27.9
03/06/18,0.619,33.9
03/06/18,0.774,27.5
03/06/18,0.872,26.2
03/06/18,1.08,22.7
03/06/18,0.704,33.4
03/06/18,0.952,24.6
03/06/18,1.023,23.1
03/06/18,1.077,23.1
03/06/18,0.846,32.3
03/06/18,0.983,29.8
03/06/18,1.23,22.4
03/06/18,1.099,24.9
03/06/18,1.059,29
03/06/18,1.109,27.2
03/06/18,1.242,22.7
03/06/18,1.064,31.2
03/06/18,,
04/06/18,0.79,24.3
04/06/18,0.901,26
04/06/18,0.819,23.9
04/06/18,0.925,23.6
04/06/18,0.946,24.1
04/06/18,0.917,24.7
04/06/18,1.641,34.9
04/06/18,0.773,27.4
04/06/18,1.878,34
04/06/18,1.307,28.3
04/06/18,1.734,29.9
04/06/18,0.838,26.1
04/06/18,0.896,24.6
04/06/18,1.544,32.7
04/06/18,1.49,35.1
04/06/18,1.325,26.5
04/06/18,1.041,23.3
04/06/18,1.285,24.8
04/06/18,1.348,29
04/06/18,0.933,23.2
04/06/18,1.356,32.2
04/06/18,1.404,34.3
04/06/18,1.102,22.9
04/06/18,1.136,31.7
05/06/18,1.155,22.5
05/06/18,1.171,23.3
05/06/18,1.148,22
05/06/18,1.381,33.9
05/06/18,1.346,23.9
05/06/18,1.247,24.1
05/06/18,1.16,22.9
05/06/18,1.312,22.6
05/06/18,1.434,29.8
05/06/18,1.329,25.9
05/06/18,1.459,27.5
05/06/18,1.146,22.2
05/06/18,1.431,33.1
05/06/18,1.377,25.1
05/06/18,1.17,21.7
05/06/18,1.259,21.7
05/06/18,1.469,32.8
05/06/18,1.433,33.8
05/06/18,1.567,28.2
05/06/18,1.458,32.9
05/06/18,1.249,21.4
05/06/18,1.416,26.3
05/06/18,1.602,30.3
05/06/18,1.586,31.3
06/06/18,0.013,24.1
06/06/18,1.3,23
06/06/18,1.309,23.2
06/06/18,,23.4
06/06/18,1.368,32.5
06/06/18,1.368,29
06/06/18,1.291,22.5
06/06/18,1.365,25.7
06/06/18,1.347,30.2
06/06/18,1.361,31.6
06/06/18,1.381,27.5
06/06/18,1.395,33.5
06/06/18,1.341,22.2
06/06/18,1.321,23.8
06/06/18,1.432,24.3
06/06/18,1.352,24.2
06/06/18,1.38,21.7
06/06/18,1.432,34.1
06/06/18,1.42,22.6
06/06/18,1.174,29.3
06/06/18,2.437,23
06/06/18,1.535,33.2
06/06/18,1.774,22.6
06/06/18,0.013,23.6
07/06/18,2.401,21.6
07/06/18,2.416,22.3
07/06/18,2.427,22.7
07/06/18,2.504,21.9
07/06/18,2.482,23.3
07/06/18,2.577,25.6
07/06/18,2.573,32.3
07/06/18,2.521,25
07/06/18,2.399,22.7
07/06/18,2.612,22.6
07/06/18,2.532,25.5
07/06/18,2.403,22.7
07/06/18,2.566,28
07/06/18,2.613,29.8
07/06/18,2.441,21.5
07/06/18,2.655,23.8
07/06/18,2.61,30.1
07/06/18,2.637,30.9
07/06/18,2.601,27.7
07/06/18,2.623,33
07/06/18,2.662,32.7
07/06/18,2.565,31.6
07/06/18,2.659,32.2
07/06/18,2.492,21.7
08/06/18,2.454,23.6
08/06/18,2.357,18.9
08/06/18,2.468,23.9
08/06/18,2.443,19.6
08/06/18,2.537,26.3
08/06/18,2.367,20.3
08/06/18,2.544,25.2
08/06/18,2.578,31.5
08/06/18,2.544,27.9
08/06/18,2.605,30.4
08/06/18,2.603,31
08/06/18,2.673,27.7
08/06/18,2.67,29.2
08/06/18,2.621,31.9
08/06/18,2.599,29.6
08/06/18,2.643,31.8
08/06/18,2.657,32.3
08/06/18,2.473,20.1
08/06/18,2.877,26
08/06/18,2.853,23.9
08/06/18,2.823,21.4
08/06/18,2.666,19.5
08/06/18,2.852,18.9
08/06/18,3.093,19.8
09/06/18,2.503,31.2
09/06/18,2.53,30.2
09/06/18,2.486,21.6
09/06/18,2.465,21.2
09/06/18,2.535,24.6
09/06/18,2.572,29.8
09/06/18,2.521,31.8
09/06/18,2.5,23.8
09/06/18,2.531,29.4
09/06/18,2.597,27.9
09/06/18,2.486,22.9
09/06/18,0.591,19.9
09/06/18,2.487,21.1
09/06/18,2.45,21.6
09/06/18,2.495,20.7
09/06/18,2.63,26.1
09/06/18,2.612,22.2
09/06/18,2.663,23.8
09/06/18,0.607,20.6
09/06/18,2.547,21.2
09/06/18,2.665,24.6
09/06/18,2.243,22.7
09/06/18,0.685,21.3
09/06/18,0.608,20
10/06/18,0.015,20.8
10/06/18,0.558,19.3
10/06/18,0.348,23.2
10/06/18,0.73,29.3
10/06/18,0.797,27.7
10/06/18,0.753,28.9
10/06/18,0.614,19.7
10/06/18,0.723,29.3
10/06/18,0.588,19
10/06/18,0.573,19.4
10/06/18,0.631,19.7
10/06/18,0.844,26.5
10/06/18,0.891,25.2
10/06/18,0.643,20
10/06/18,1.006,23.7
10/06/18,0.774,19.9
10/06/18,1.053,22.2
10/06/18,1.01,21.2
10/06/18,0.907,20.1
10/06/18,0.981,20.4
10/06/18,2.324,20.9
10/06/18,3.706,20.9
10/06/18,0.013,20.5
10/06/18,0.014,20.3
11/06/18,2.995,29
11/06/18,3.015,28.6
11/06/18,3.023,28.4
11/06/18,3.012,23.7
11/06/18,3.071,27.6
11/06/18,3.018,27.9
11/06/18,3.057,26.5
11/06/18,3.07,26.1
11/06/18,3.046,24
11/06/18,3.039,24.5
11/06/18,3.008,20.6
11/06/18,3.084,25.3
11/06/18,3.04,26.8
11/06/18,3.042,27.6
11/06/18,3.103,24.7
11/06/18,3.12,20.4
11/06/18,3.236,23.3
11/06/18,3.209,20.3
11/06/18,3.256,20.6
11/06/18,3.24,20.3
11/06/18,3.483,20.2
11/06/18,3.663,21.7
11/06/18,3.673,20.4
11/06/18,3.619,20.7
12/06/18,2.938,23.2
12/06/18,2.983,21.5
12/06/18,2.981,23.5
12/06/18,2.964,22.7
12/06/18,2.984,21.9
12/06/18,3.018,20.9
12/06/18,3.071,27.5
12/06/18,,27.4
12/06/18,,25.4
12/06/18,,24.9
12/06/18,,25.1
12/06/18,2.971,22.1
12/06/18,,24.1
12/06/18,3.08,26.2
12/06/18,3.134,25.5
12/06/18,,23.7
12/06/18,,25.3
12/06/18,3.115,19.5
12/06/18,3.157,21
12/06/18,,21.8
12/06/18,,22.6
12/06/18,3.136,20.1
12/06/18,3.428,22.6
12/06/18,3.379,24.1
13/06/18,,20.3
13/06/18,,20.5
13/06/18,,25.3
13/06/18,,21.1
13/06/18,,27
13/06/18,,20.2
13/06/18,,20.2
13/06/18,,25.7
13/06/18,,24.5
13/06/18,,25.3
13/06/18,,21.7
13/06/18,,26.1
13/06/18,,23.2
13/06/18,,19.8
13/06/18,,20.2
13/06/18,,21.6
13/06/18,,20.5
13/06/18,,21.9
13/06/18,,19.9
13/06/18,,19.8
13/06/18,,23.5
13/06/18,,22
13/06/18,,23.1
13/06/18,,22.6
14/06/18,,20
14/06/18,,20.2
14/06/18,,20.6
14/06/18,,20.7
14/06/18,,20.1
14/06/18,0.446,29.2
14/06/18,0.449,29.6
14/06/18,0.442,22.9
14/06/18,,21.2
14/06/18,0.427,30.1
14/06/18,0.537,29.3
14/06/18,0.508,23.9
14/06/18,0.484,26.8
14/06/18,0.635,28.4
14/06/18,0.594,27.7
14/06/18,0.496,28.5
14/06/18,,25.6
14/06/18,0.617,26.6
14/06/18,,19.9
14/06/18,,20.4
14/06/18,,23.9
14/06/18,,19.7
14/06/18,,20.9
14/06/18,,21.6
15/06/18,0.352,20.4
15/06/18,0.331,21
15/06/18,0.393,22.1
15/06/18,0.423,27.2
15/06/18,0.428,26
15/06/18,0.491,28.8
15/06/18,0.499,29.6
15/06/18,0.473,29.8
15/06/18,0.472,29.7
15/06/18,0.356,21.8
15/06/18,0.47,29.5
15/06/18,0.45,28.4
15/06/18,0.33,21.3
15/06/18,0.494,22.7
15/06/18,0.491,24.2
15/06/18,0.538,22.6
15/06/18,0.533,27.3
15/06/18,0.57,23.7
15/06/18,0.402,20.1
15/06/18,0.361,20.3
15/06/18,0.587,25.4
15/06/18,0.538,21.4
15/06/18,0.516,19.7
15/06/18,0.588,20.2
16/06/18,0.502,31.5
16/06/18,0.472,31.6
16/06/18,0.495,30.3
16/06/18,0.538,29.9
16/06/18,0.505,31.2
16/06/18,0.511,28.8
16/06/18,0.504,27.7
16/06/18,0.499,26
16/06/18,0.565,28.5
16/06/18,0.411,20.2
16/06/18,0.54,22.5
16/06/18,0.543,24.1
16/06/18,0.398,20.8
16/06/18,0.412,19.6
16/06/18,0.596,26.8
16/06/18,0.575,21.1
16/06/18,0.406,20.9
16/06/18,0.389,21.4
16/06/18,0.567,24.6
16/06/18,0.601,25.4
16/06/18,0.502,19.7
16/06/18,0.419,19
16/06/18,0.48,18.8
16/06/18,0.502,22.1
17/06/18,0.533,29.3
17/06/18,0.542,26.8
17/06/18,0.557,28.3
17/06/18,0.456,20.7
17/06/18,0.497,29.6
17/06/18,0.503,30
17/06/18,0.462,20.5
17/06/18,0.506,29.6
17/06/18,0.554,26.1
17/06/18,0.581,25
17/06/18,0.421,20.1
17/06/18,0.515,28.8
17/06/18,0.491,21.5
17/06/18,0.502,22.6
17/06/18,0.576,23.9
17/06/18,0.475,20.8
17/06/18,0.583,27.2
17/06/18,0.521,23.4
17/06/18,0.59,23.1
17/06/18,0.435,20.3
17/06/18,0.57,21.3
17/06/18,0.638,22.1
17/06/18,0.58,25.4
17/06/18,0.568,24.2
18/06/18,0.421,21.5
18/06/18,0.43,22.8
18/06/18,0.451,22.3
18/06/18,0.42,20.6
18/06/18,0.435,21.1
18/06/18,0.5,29.3
18/06/18,0.525,23.3
18/06/18,0.538,28.2
18/06/18,0.512,29.3
18/06/18,0.489,28.8
18/06/18,0.465,27.8
18/06/18,0.523,23.5
18/06/18,0.534,25.3
18/06/18,0.477,26.5
18/06/18,0.418,20.5
18/06/18,0.597,22.9
18/06/18,0.601,26.3
18/06/18,0.527,20.9
18/06/18,0.568,27.7
18/06/18,0.468,20.6
18/06/18,0.571,22.5
18/06/18,0.568,21.2
18/06/18,0.595,20.7
18/06/18,0.575,20.8
19/06/18,0.438,20.6
19/06/18,0.459,19.1
19/06/18,0.452,19.7
19/06/18,0.44,19.4
19/06/18,0.448,24.9
19/06/18,0.43,20.9
19/06/18,0.505,24.2
19/06/18,0.541,23
19/06/18,0.424,25.4
19/06/18,0.542,21.7
19/06/18,0.462,21
19/06/18,0.5,19.6
19/06/18,0.569,25.1
19/06/18,0.533,20.4
19/06/18,0.487,18.9
19/06/18,0.566,23.7
19/06/18,0.582,25
19/06/18,0.481,18.9
19/06/18,0.431,21.7
19/06/18,0.551,18.9
19/06/18,0.569,18.7
19/06/18,0.472,21.7
19/06/18,0.586,19
19/06/18,0.464,21.8
20/06/18,0.394,21
20/06/18,0.412,18.9
20/06/18,0.445,25.1
20/06/18,0.517,25.8
20/06/18,0.471,24.6
20/06/18,0.49,24
20/06/18,0.518,26.1
20/06/18,0.44,19.2
20/06/18,0.441,19.6
20/06/18,0.509,25.9
20/06/18,0.508,25.4
20/06/18,0.528,22.6
20/06/18,0.535,24.8
20/06/18,0.491,22.7
20/06/18,0.459,19.2
20/06/18,0.539,19.5
20/06/18,0.564,21
20/06/18,0.448,21.3
20/06/18,0.559,23.1
20/06/18,0.572,18.8
20/06/18,0.58,24.2
20/06/18,0.58,18.9
20/06/18,0.667,18.9
20/06/18,0.672,19
21/06/18,0.433,21.1
21/06/18,0.415,20
21/06/18,0.455,21.5
21/06/18,0.481,26.8
21/06/18,0.484,27.7
21/06/18,0.461,25
21/06/18,0.422,21.2
21/06/18,0.417,19.3
21/06/18,0.512,28.7
21/06/18,0.452,26
21/06/18,0.402,21
21/06/18,0.533,23.9
21/06/18,0.566,28.9
21/06/18,0.196,23.4
21/06/18,0.617,26.7
21/06/18,0.521,19.5
21/06/18,1.508,22.4
21/06/18,0.658,22
21/06/18,0.669,19.2
21/06/18,2.435,20.8
21/06/18,2.374,21.5
21/06/18,2.402,21.3
21/06/18,0.836,19.6
21/06/18,1.036,20.9
22/06/18,2.215,19
22/06/18,2.287,19.2
22/06/18,1.704,20.9
22/06/18,1.604,27.3
22/06/18,0.374,24.6
22/06/18,1.778,20.7
22/06/18,2.456,22.7
22/06/18,1.801,20.6
22/06/18,1.131,24.3
22/06/18,1.695,25.1
22/06/18,0.758,23.6
22/06/18,2.48,21.3
22/06/18,1.675,25.9
22/06/18,1.73,26.7
22/06/18,2.361,19.2
22/06/18,2.432,19.3
22/06/18,2.552,19.8
22/06/18,1.788,20.9
22/06/18,2.534,19.6
22/06/18,2.55,20.3
22/06/18,2.492,19
22/06/18,2.821,19.8
22/06/18,2.922,19.5
22/06/18,2.595,19.1
23/06/18,1.636,28.1
23/06/18,1.737,22.1
23/06/18,1.655,26.9
23/06/18,1.603,27.7
23/06/18,1.604,26.3
23/06/18,1.74,19.8
23/06/18,1.73,22.7
23/06/18,1.729,24
23/06/18,1.743,20.3
23/06/18,1.739,25.8
23/06/18,1.633,27.3
23/06/18,1.708,27.1
23/06/18,1.69,26.1
23/06/18,1.737,19.5
23/06/18,1.772,19.3
23/06/18,1.791,24.2
23/06/18,1.79,18.9
23/06/18,1.847,23.1
23/06/18,1.778,20.5
23/06/18,1.9,21.4
23/06/18,2.093,19.7
23/06/18,1.957,18.6
23/06/18,1.971,18.4
23/06/18,2.003,18.7
24/06/18,1.725,20.8
24/06/18,1.717,20.9
24/06/18,1.712,21
24/06/18,1.707,21.2
24/06/18,1.722,21.5
24/06/18,1.618,27.3
24/06/18,1.708,25.7
24/06/18,1.725,23.6
24/06/18,1.757,19.8
24/06/18,1.816,18.2
24/06/18,1.567,28.1
24/06/18,1.599,27.4
24/06/18,1.778,20.2
24/06/18,1.816,23.6
24/06/18,1.85,22.4
24/06/18,1.629,26.7
24/06/18,1.759,22.6
24/06/18,1.793,18.2
24/06/18,1.671,25.1
24/06/18,1.833,18.1
24/06/18,1.824,24.5
24/06/18,1.829,17.8
24/06/18,1.842,17.7
24/06/18,1.756,23.1
25/06/18,1.744,20
25/06/18,1.746,21.6
25/06/18,1.739,19.2
25/06/18,1.744,21.3
25/06/18,1.69,18.4
25/06/18,1.769,19.2
25/06/18,1.756,22.2
25/06/18,1.713,20.2
25/06/18,1.661,26.6
25/06/18,1.689,27.6
25/06/18,1.693,27.3
25/06/18,1.693,26
25/06/18,1.92,21
25/06/18,1.814,25.4
25/06/18,1.707,25
25/06/18,1.74,26.1
25/06/18,1.827,19.3
25/06/18,1.788,26.3
25/06/18,1.904,24
25/06/18,1.788,22.5
25/06/18,1.95,19.4
25/06/18,1.731,18.6
25/06/18,1.961,18.8
25/06/18,1.999,22.3
26/06/18,1.717,17.9
26/06/18,1.743,18.1
26/06/18,1.721,18.1
26/06/18,1.766,18.1
26/06/18,1.721,18.4
26/06/18,1.735,21.9
26/06/18,1.824,18
26/06/18,1.832,18.5
26/06/18,1.795,24.9
26/06/18,1.75,25.3
26/06/18,1.758,25.9
26/06/18,1.845,23.4
26/06/18,1.801,22.6
26/06/18,1.769,25
26/06/18,1.889,22.5
26/06/18,1.859,25.6
26/06/18,1.84,23.9
26/06/18,1.813,24.7
26/06/18,2.033,21
26/06/18,1.808,22.1
26/06/18,2.149,19.4
26/06/18,2.019,17.9
26/06/18,2.129,18.4
26/06/18,1.929,23.8
27/06/18,1.673,19.7
27/06/18,1.702,20.8
27/06/18,1.717,21.1
27/06/18,1.546,27.4
27/06/18,1.725,20.4
27/06/18,1.767,20.4
27/06/18,1.583,27.6
27/06/18,1.714,21.8
27/06/18,1.717,21.1
27/06/18,1.773,24
27/06/18,1.712,21.2
27/06/18,1.789,20.5
27/06/18,1.714,26.7
27/06/18,1.792,20.5
27/06/18,1.901,24
27/06/18,1.977,20.4
27/06/18,1.995,22
27/06/18,1.809,26.5
27/06/18,1.939,18.5
27/06/18,2.007,19.3
27/06/18,1.962,20.2
27/06/18,2.059,18.8
27/06/18,2.016,25.2
27/06/18,2.087,20.3
28/06/18,1.683,19.4
28/06/18,1.692,20.1
28/06/18,1.711,20.2
28/06/18,1.705,19.5
28/06/18,1.726,19.6
28/06/18,1.743,20.2
28/06/18,1.782,23.3
28/06/18,1.741,24.4
28/06/18,1.716,20.3
28/06/18,1.799,27
28/06/18,1.756,25.9
28/06/18,0.674,21.2
28/06/18,1.758,27.7
28/06/18,0.702,20.6
28/06/18,1.877,19.7
28/06/18,1.757,28.1
28/06/18,2.069,21.9
28/06/18,0.696,20.7
28/06/18,1.329,23.5
28/06/18,2.028,19.9
28/06/18,0.729,21.2
28/06/18,2.343,20.6
28/06/18,0.85,20.6
28/06/18,0.714,19.8
29/06/18,0.605,19.9
29/06/18,0.586,20.2
29/06/18,0.57,20.6
29/06/18,0.58,20.5
29/06/18,0.581,20.7
29/06/18,0.407,26.7
29/06/18,0.624,20.7
29/06/18,0.581,22.3
29/06/18,0.563,23.5
29/06/18,0.639,19.1
29/06/18,0.447,27.3
29/06/18,0.475,26.8
29/06/18,0.554,22.4
29/06/18,0.61,24.8
29/06/18,0.563,26.5
29/06/18,0.702,25.8
29/06/18,0.888,23.6
29/06/18,1.009,20.4
29/06/18,1.043,21.1
29/06/18,0.839,18.3
29/06/18,1.248,20.1
29/06/18,1.326,18.7
29/06/18,1.064,18.5
29/06/18,1.518,19.6
30/06/18,0.559,22.4